user_id,day,churn
1,1,0
1,2,0
1,3,0
1,4,0
1,5,0
1,6,1
1,7,1
1,8,0
1,9,0
1,10,0
1,11,0
1,12,1
1,13,0
1,14,0
2,1,0
2,2,0
2,3,0
2,4,0
2,5,0
2,6,0
2,7,0
2,8,0
2,9,0
2,10,0
2,11,0
2,12,0
2,13,0
2,14,0
3,1,0
3,2,0
3,3,0
3,4,0
3,5,0
3,6,0
3,7,0
3,8,0
3,9,0
3,10,0
3,11,0
3,12,0
3,13,0
3,14,1
4,1,0
4,2,0
4,3,1
4,4,0
4,5,0
4,6,0
4,7,1
4,8,1
4,9,1
4,10,1
4,11,0
4,12,0
4,13,0
4,14,0
5,1,0
5,2,0
5,3,0
5,4,0
5,5,0
5,6,0
5,7,0
5,8,1
5,9,0
5,10,0
5,11,0
5,12,0
5,13,0
5,14,1
6,1,0
6,2,0
6,3,0
6,4,0
6,5,0
6,6,0
6,7,0
6,8,0
6,9,0
6,10,0
6,11,0
6,12,0
6,13,0
6,14,0
7,1,1
7,2,0
7,3,0
7,4,0
7,5,0
7,6,1
7,7,0
7,8,0
7,9,0
7,10,0
7,11,0
7,12,1
7,13,0
7,14,0
8,1,0
8,2,0
8,3,0
8,4,1
8,5,0
8,6,0
8,7,1
8,8,0
8,9,1
8,10,0
8,11,0
8,12,1
8,13,0
8,14,0
9,1,0
9,2,0
9,3,0
9,4,0
9,5,0
9,6,0
9,7,0
9,8,0
9,9,0
9,10,0
9,11,0
9,12,0
9,13,0
9,14,1
10,1,0
10,2,0
10,3,0
10,4,0
10,5,0
10,6,0
10,7,0
10,8,0
10,9,0
10,10,1
10,11,0
10,12,1
10,13,0
10,14,1
11,1,0
11,2,1
11,3,0
11,4,0
11,5,0
11,6,0
11,7,0
11,8,0
11,9,0
11,10,0
11,11,0
11,12,0
11,13,0
11,14,1
12,1,0
12,2,0
12,3,0
12,4,0
12,5,0
12,6,0
12,7,0
12,8,1
12,9,0
12,10,0
12,11,0
12,12,1
12,13,0
12,14,0
13,1,0
13,2,0
13,3,0
13,4,1
13,5,1
13,6,0
13,7,0
13,8,1
13,9,0
13,10,0
13,11,0
13,12,0
13,13,0
13,14,1
14,1,0
14,2,1
14,3,0
14,4,0
14,5,0
14,6,0
14,7,1
14,8,0
14,9,1
14,10,0
14,11,0
14,12,0
14,13,1
14,14,0
15,1,1
15,2,0
15,3,0
15,4,0
15,5,1
15,6,0
15,7,0
15,8,0
15,9,0
15,10,0
15,11,0
15,12,0
15,13,0
15,14,0
16,1,0
16,2,0
16,3,0
16,4,0
16,5,0
16,6,1
16,7,0
16,8,0
16,9,0
16,10,1
16,11,0
16,12,0
16,13,0
16,14,0
17,1,0
17,2,0
17,3,0
17,4,0
17,5,0
17,6,0
17,7,0
17,8,0
17,9,1
17,10,0
17,11,0
17,12,0
17,13,0
17,14,0
18,1,0
18,2,1
18,3,0
18,4,0
18,5,0
18,6,0
18,7,0
18,8,0
18,9,0
18,10,0
18,11,1
18,12,0
18,13,0
18,14,0
19,1,0
19,2,1
19,3,0
19,4,0
19,5,1
19,6,0
19,7,0
19,8,0
19,9,0
19,10,0
19,11,0
19,12,0
19,13,0
19,14,0
20,1,1
20,2,0
20,3,0
20,4,0
20,5,0
20,6,0
20,7,0
20,8,0
20,9,1
20,10,0
20,11,0
20,12,0
20,13,0
20,14,0
21,1,0
21,2,1
21,3,1
21,4,0
21,5,0
21,6,0
21,7,0
21,8,1
21,9,0
21,10,0
21,11,0
21,12,1
21,13,0
21,14,0
22,1,0
22,2,1
22,3,1
22,4,0
22,5,0
22,6,0
22,7,0
22,8,0
22,9,0
22,10,0
22,11,0
22,12,1
22,13,0
22,14,0
23,1,0
23,2,1
23,3,0
23,4,1
23,5,0
23,6,0
23,7,0
23,8,0
23,9,0
23,10,0
23,11,0
23,12,0
23,13,0
23,14,0
24,1,1
24,2,0
24,3,0
24,4,0
24,5,0
24,6,0
24,7,1
24,8,1
24,9,0
24,10,0
24,11,0
24,12,0
24,13,0
24,14,0
25,1,1
25,2,0
25,3,0
25,4,0
25,5,0
25,6,1
25,7,0
25,8,1
25,9,0
25,10,0
25,11,0
25,12,0
25,13,0
25,14,0
26,1,1
26,2,0
26,3,0
26,4,0
26,5,0
26,6,0
26,7,0
26,8,0
26,9,0
26,10,0
26,11,0
26,12,0
26,13,0
26,14,1
27,1,0
27,2,0
27,3,0
27,4,0
27,5,1
27,6,0
27,7,0
27,8,0
27,9,0
27,10,1
27,11,0
27,12,0
27,13,0
27,14,1
28,1,0
28,2,0
28,3,0
28,4,0
28,5,0
28,6,1
28,7,0
28,8,0
28,9,0
28,10,0
28,11,0
28,12,0
28,13,0
28,14,0
29,1,1
29,2,0
29,3,1
29,4,0
29,5,0
29,6,0
29,7,1
29,8,0
29,9,0
29,10,1
29,11,0
29,12,0
29,13,0
29,14,1
30,1,0
30,2,0
30,3,0
30,4,0
30,5,0
30,6,0
30,7,0
30,8,1
30,9,0
30,10,0
30,11,0
30,12,0
30,13,0
30,14,1
31,1,1
31,2,1
31,3,0
31,4,1
31,5,0
31,6,0
31,7,1
31,8,0
31,9,0
31,10,0
31,11,0
31,12,1
31,13,0
31,14,0
32,1,0
32,2,0
32,3,0
32,4,0
32,5,1
32,6,0
32,7,1
32,8,0
32,9,0
32,10,0
32,11,0
32,12,0
32,13,0
32,14,1
33,1,0
33,2,0
33,3,0
33,4,1
33,5,1
33,6,0
33,7,0
33,8,0
33,9,0
33,10,0
33,11,0
33,12,0
33,13,0
33,14,1
34,1,0
34,2,1
34,3,0
34,4,0
34,5,0
34,6,1
34,7,0
34,8,0
34,9,0
34,10,1
34,11,0
34,12,0
34,13,0
34,14,0
35,1,0
35,2,0
35,3,0
35,4,0
35,5,0
35,6,0
35,7,0
35,8,1
35,9,0
35,10,0
35,11,0
35,12,0
35,13,0
35,14,0
36,1,0
36,2,0
36,3,0
36,4,1
36,5,0
36,6,1
36,7,0
36,8,1
36,9,0
36,10,0
36,11,0
36,12,0
36,13,1
36,14,0
37,1,0
37,2,0
37,3,0
37,4,0
37,5,0
37,6,0
37,7,1
37,8,0
37,9,0
37,10,0
37,11,0
37,12,1
37,13,0
37,14,0
38,1,0
38,2,0
38,3,0
38,4,0
38,5,0
38,6,0
38,7,0
38,8,1
38,9,0
38,10,0
38,11,0
38,12,0
38,13,0
38,14,0
39,1,0
39,2,0
39,3,0
39,4,0
39,5,0
39,6,0
39,7,0
39,8,0
39,9,0
39,10,0
39,11,0
39,12,0
39,13,0
39,14,0
40,1,0
40,2,0
40,3,0
40,4,1
40,5,0
40,6,0
40,7,0
40,8,1
40,9,1
40,10,0
40,11,1
40,12,0
40,13,0
40,14,0
41,1,0
41,2,0
41,3,0
41,4,0
41,5,0
41,6,0
41,7,0
41,8,0
41,9,0
41,10,0
41,11,0
41,12,0
41,13,0
41,14,1
42,1,0
42,2,0
42,3,0
42,4,0
42,5,0
42,6,0
42,7,0
42,8,0
42,9,0
42,10,0
42,11,0
42,12,0
42,13,0
42,14,0
43,1,0
43,2,0
43,3,0
43,4,1
43,5,0
43,6,1
43,7,0
43,8,0
43,9,0
43,10,1
43,11,1
43,12,1
43,13,0
43,14,0
44,1,0
44,2,0
44,3,0
44,4,0
44,5,0
44,6,0
44,7,1
44,8,0
44,9,0
44,10,0
44,11,0
44,12,0
44,13,1
44,14,0
45,1,0
45,2,1
45,3,1
45,4,0
45,5,1
45,6,0
45,7,1
45,8,0
45,9,1
45,10,0
45,11,1
45,12,1
45,13,0
45,14,0
46,1,0
46,2,0
46,3,0
46,4,0
46,5,0
46,6,0
46,7,1
46,8,0
46,9,0
46,10,0
46,11,0
46,12,0
46,13,0
46,14,0
47,1,0
47,2,0
47,3,0
47,4,0
47,5,1
47,6,0
47,7,0
47,8,0
47,9,0
47,10,1
47,11,0
47,12,0
47,13,0
47,14,0
48,1,0
48,2,0
48,3,1
48,4,0
48,5,0
48,6,1
48,7,0
48,8,0
48,9,0
48,10,0
48,11,0
48,12,0
48,13,0
48,14,0
49,1,0
49,2,0
49,3,0
49,4,1
49,5,0
49,6,1
49,7,0
49,8,0
49,9,0
49,10,0
49,11,0
49,12,0
49,13,0
49,14,1
50,1,0
50,2,0
50,3,0
50,4,0
50,5,1
50,6,0
50,7,0
50,8,0
50,9,0
50,10,0
50,11,0
50,12,0
50,13,0
50,14,0
51,1,0
51,2,0
51,3,0
51,4,0
51,5,0
51,6,0
51,7,1
51,8,0
51,9,0
51,10,0
51,11,1
51,12,0
51,13,0
51,14,0
52,1,0
52,2,0
52,3,1
52,4,0
52,5,0
52,6,1
52,7,1
52,8,0
52,9,0
52,10,0
52,11,0
52,12,0
52,13,1
52,14,0
53,1,0
53,2,0
53,3,0
53,4,1
53,5,0
53,6,0
53,7,0
53,8,0
53,9,1
53,10,0
53,11,0
53,12,0
53,13,0
53,14,0
54,1,0
54,2,0
54,3,1
54,4,0
54,5,1
54,6,0
54,7,0
54,8,0
54,9,1
54,10,0
54,11,0
54,12,0
54,13,1
54,14,0
55,1,0
55,2,0
55,3,0
55,4,1
55,5,0
55,6,0
55,7,0
55,8,1
55,9,0
55,10,0
55,11,0
55,12,0
55,13,1
55,14,1
56,1,0
56,2,0
56,3,0
56,4,0
56,5,0
56,6,0
56,7,0
56,8,1
56,9,1
56,10,1
56,11,1
56,12,0
56,13,0
56,14,0
57,1,1
57,2,0
57,3,1
57,4,0
57,5,0
57,6,0
57,7,0
57,8,0
57,9,0
57,10,0
57,11,0
57,12,1
57,13,0
57,14,0
58,1,1
58,2,0
58,3,0
58,4,0
58,5,0
58,6,1
58,7,1
58,8,0
58,9,0
58,10,0
58,11,0
58,12,0
58,13,1
58,14,1
59,1,0
59,2,1
59,3,0
59,4,0
59,5,0
59,6,0
59,7,0
59,8,0
59,9,0
59,10,0
59,11,0
59,12,0
59,13,0
59,14,0
60,1,0
60,2,1
60,3,0
60,4,0
60,5,0
60,6,0
60,7,0
60,8,1
60,9,0
60,10,1
60,11,0
60,12,0
60,13,0
60,14,1
61,1,0
61,2,0
61,3,0
61,4,0
61,5,0
61,6,0
61,7,0
61,8,0
61,9,0
61,10,0
61,11,0
61,12,0
61,13,1
61,14,0
62,1,0
62,2,0
62,3,0
62,4,0
62,5,0
62,6,0
62,7,0
62,8,1
62,9,0
62,10,0
62,11,1
62,12,1
62,13,0
62,14,1
63,1,1
63,2,0
63,3,0
63,4,1
63,5,1
63,6,0
63,7,0
63,8,0
63,9,0
63,10,0
63,11,0
63,12,1
63,13,0
63,14,0
64,1,1
64,2,0
64,3,0
64,4,1
64,5,0
64,6,0
64,7,0
64,8,0
64,9,0
64,10,0
64,11,0
64,12,1
64,13,0
64,14,1
65,1,1
65,2,0
65,3,1
65,4,0
65,5,1
65,6,0
65,7,0
65,8,0
65,9,0
65,10,0
65,11,1
65,12,0
65,13,0
65,14,0
66,1,0
66,2,0
66,3,0
66,4,0
66,5,1
66,6,0
66,7,0
66,8,0
66,9,0
66,10,0
66,11,0
66,12,0
66,13,0
66,14,0
67,1,0
67,2,0
67,3,1
67,4,0
67,5,0
67,6,1
67,7,0
67,8,0
67,9,0
67,10,1
67,11,1
67,12,0
67,13,0
67,14,0
68,1,0
68,2,0
68,3,0
68,4,0
68,5,0
68,6,0
68,7,1
68,8,0
68,9,0
68,10,0
68,11,0
68,12,0
68,13,0
68,14,0
69,1,0
69,2,0
69,3,0
69,4,0
69,5,0
69,6,0
69,7,0
69,8,0
69,9,0
69,10,0
69,11,0
69,12,0
69,13,0
69,14,1
70,1,0
70,2,0
70,3,0
70,4,0
70,5,1
70,6,0
70,7,0
70,8,0
70,9,0
70,10,0
70,11,0
70,12,0
70,13,0
70,14,0
71,1,0
71,2,0
71,3,0
71,4,1
71,5,1
71,6,0
71,7,0
71,8,0
71,9,0
71,10,0
71,11,0
71,12,0
71,13,0
71,14,0
72,1,0
72,2,0
72,3,1
72,4,0
72,5,0
72,6,1
72,7,0
72,8,0
72,9,0
72,10,0
72,11,1
72,12,0
72,13,0
72,14,1
73,1,0
73,2,1
73,3,0
73,4,0
73,5,0
73,6,0
73,7,0
73,8,0
73,9,0
73,10,1
73,11,0
73,12,0
73,13,0
73,14,0
74,1,0
74,2,0
74,3,0
74,4,1
74,5,0
74,6,0
74,7,1
74,8,0
74,9,1
74,10,0
74,11,0
74,12,0
74,13,1
74,14,0
75,1,0
75,2,0
75,3,0
75,4,0
75,5,0
75,6,0
75,7,0
75,8,0
75,9,0
75,10,0
75,11,1
75,12,0
75,13,0
75,14,1
76,1,1
76,2,0
76,3,0
76,4,0
76,5,0
76,6,1
76,7,0
76,8,0
76,9,0
76,10,0
76,11,0
76,12,0
76,13,0
76,14,0
77,1,0
77,2,0
77,3,1
77,4,0
77,5,0
77,6,1
77,7,0
77,8,1
77,9,0
77,10,0
77,11,0
77,12,0
77,13,1
77,14,0
78,1,0
78,2,0
78,3,1
78,4,0
78,5,0
78,6,0
78,7,0
78,8,0
78,9,0
78,10,1
78,11,0
78,12,0
78,13,1
78,14,0
79,1,0
79,2,0
79,3,1
79,4,0
79,5,0
79,6,0
79,7,0
79,8,0
79,9,0
79,10,0
79,11,0
79,12,1
79,13,0
79,14,1
80,1,0
80,2,0
80,3,1
80,4,1
80,5,0
80,6,0
80,7,0
80,8,0
80,9,1
80,10,0
80,11,0
80,12,0
80,13,0
80,14,0
81,1,0
81,2,0
81,3,1
81,4,0
81,5,0
81,6,0
81,7,0
81,8,0
81,9,0
81,10,0
81,11,0
81,12,0
81,13,0
81,14,0
82,1,0
82,2,0
82,3,0
82,4,0
82,5,0
82,6,0
82,7,1
82,8,1
82,9,0
82,10,0
82,11,0
82,12,0
82,13,0
82,14,0
83,1,1
83,2,0
83,3,0
83,4,1
83,5,0
83,6,1
83,7,0
83,8,0
83,9,0
83,10,0
83,11,1
83,12,0
83,13,1
83,14,0
84,1,0
84,2,1
84,3,1
84,4,0
84,5,0
84,6,1
84,7,0
84,8,0
84,9,0
84,10,1
84,11,0
84,12,1
84,13,0
84,14,0
85,1,1
85,2,1
85,3,0
85,4,0
85,5,0
85,6,0
85,7,0
85,8,0
85,9,0
85,10,1
85,11,0
85,12,0
85,13,0
85,14,0
86,1,0
86,2,0
86,3,0
86,4,1
86,5,0
86,6,0
86,7,0
86,8,0
86,9,0
86,10,0
86,11,0
86,12,0
86,13,1
86,14,1
87,1,0
87,2,0
87,3,1
87,4,0
87,5,0
87,6,0
87,7,1
87,8,0
87,9,0
87,10,0
87,11,0
87,12,0
87,13,0
87,14,1
88,1,0
88,2,0
88,3,0
88,4,0
88,5,0
88,6,0
88,7,0
88,8,0
88,9,0
88,10,0
88,11,0
88,12,1
88,13,1
88,14,0
89,1,0
89,2,0
89,3,0
89,4,1
89,5,0
89,6,0
89,7,0
89,8,1
89,9,0
89,10,0
89,11,1
89,12,1
89,13,0
89,14,0
90,1,0
90,2,1
90,3,0
90,4,0
90,5,0
90,6,0
90,7,1
90,8,0
90,9,0
90,10,1
90,11,0
90,12,0
90,13,0
90,14,0
91,1,0
91,2,0
91,3,0
91,4,0
91,5,1
91,6,0
91,7,0
91,8,0
91,9,0
91,10,0
91,11,0
91,12,0
91,13,0
91,14,0
92,1,0
92,2,0
92,3,1
92,4,1
92,5,0
92,6,0
92,7,0
92,8,0
92,9,0
92,10,0
92,11,0
92,12,0
92,13,0
92,14,0
93,1,1
93,2,1
93,3,1
93,4,0
93,5,0
93,6,0
93,7,0
93,8,0
93,9,1
93,10,1
93,11,0
93,12,0
93,13,0
93,14,0
94,1,1
94,2,1
94,3,0
94,4,0
94,5,0
94,6,0
94,7,0
94,8,0
94,9,1
94,10,0
94,11,0
94,12,0
94,13,0
94,14,1
95,1,0
95,2,0
95,3,0
95,4,0
95,5,0
95,6,0
95,7,0
95,8,0
95,9,0
95,10,0
95,11,0
95,12,0
95,13,1
95,14,0
96,1,0
96,2,1
96,3,0
96,4,0
96,5,0
96,6,0
96,7,0
96,8,0
96,9,1
96,10,0
96,11,0
96,12,0
96,13,0
96,14,0
97,1,1
97,2,0
97,3,0
97,4,1
97,5,0
97,6,0
97,7,0
97,8,1
97,9,0
97,10,1
97,11,0
97,12,0
97,13,1
97,14,0
98,1,0
98,2,0
98,3,0
98,4,0
98,5,0
98,6,1
98,7,0
98,8,0
98,9,0
98,10,0
98,11,0
98,12,0
98,13,0
98,14,0
99,1,1
99,2,0
99,3,0
99,4,0
99,5,0
99,6,0
99,7,0
99,8,1
99,9,1
99,10,0
99,11,0
99,12,0
99,13,0
99,14,0
100,1,1
100,2,1
100,3,0
100,4,0
100,5,0
100,6,0
100,7,0
100,8,1
100,9,0
100,10,1
100,11,0
100,12,0
100,13,0
100,14,0
101,1,0
101,2,1
101,3,0
101,4,0
101,5,0
101,6,0
101,7,0
101,8,0
101,9,0
101,10,0
101,11,0
101,12,0
101,13,0
101,14,1
102,1,0
102,2,0
102,3,0
102,4,0
102,5,0
102,6,0
102,7,1
102,8,0
102,9,0
102,10,1
102,11,0
102,12,0
102,13,0
102,14,0
103,1,0
103,2,0
103,3,0
103,4,0
103,5,0
103,6,0
103,7,1
103,8,0
103,9,0
103,10,0
103,11,0
103,12,0
103,13,0
103,14,0
104,1,0
104,2,1
104,3,0
104,4,0
104,5,1
104,6,0
104,7,0
104,8,0
104,9,0
104,10,0
104,11,0
104,12,0
104,13,0
104,14,1
105,1,0
105,2,0
105,3,1
105,4,1
105,5,0
105,6,1
105,7,0
105,8,0
105,9,0
105,10,0
105,11,0
105,12,0
105,13,1
105,14,1
106,1,0
106,2,1
106,3,1
106,4,0
106,5,1
106,6,0
106,7,1
106,8,0
106,9,0
106,10,0
106,11,0
106,12,0
106,13,0
106,14,0
107,1,0
107,2,0
107,3,0
107,4,0
107,5,0
107,6,0
107,7,0
107,8,0
107,9,0
107,10,0
107,11,1
107,12,1
107,13,0
107,14,1
108,1,0
108,2,0
108,3,1
108,4,0
108,5,0
108,6,0
108,7,0
108,8,0
108,9,0
108,10,0
108,11,0
108,12,1
108,13,0
108,14,0
109,1,0
109,2,0
109,3,0
109,4,0
109,5,0
109,6,0
109,7,0
109,8,0
109,9,1
109,10,0
109,11,0
109,12,0
109,13,0
109,14,0
110,1,0
110,2,0
110,3,0
110,4,1
110,5,1
110,6,1
110,7,0
110,8,0
110,9,1
110,10,0
110,11,0
110,12,0
110,13,0
110,14,1
111,1,0
111,2,0
111,3,0
111,4,0
111,5,1
111,6,0
111,7,0
111,8,0
111,9,0
111,10,0
111,11,0
111,12,0
111,13,0
111,14,0
112,1,0
112,2,0
112,3,0
112,4,0
112,5,0
112,6,0
112,7,0
112,8,0
112,9,0
112,10,0
112,11,0
112,12,0
112,13,0
112,14,0
113,1,0
113,2,1
113,3,0
113,4,1
113,5,0
113,6,0
113,7,1
113,8,0
113,9,0
113,10,0
113,11,1
113,12,0
113,13,0
113,14,0
114,1,0
114,2,0
114,3,1
114,4,1
114,5,0
114,6,0
114,7,0
114,8,1
114,9,0
114,10,0
114,11,0
114,12,0
114,13,0
114,14,0
115,1,1
115,2,1
115,3,0
115,4,1
115,5,0
115,6,0
115,7,0
115,8,0
115,9,1
115,10,0
115,11,0
115,12,0
115,13,0
115,14,0
116,1,0
116,2,0
116,3,0
116,4,0
116,5,0
116,6,0
116,7,0
116,8,0
116,9,0
116,10,1
116,11,1
116,12,0
116,13,0
116,14,0
117,1,1
117,2,0
117,3,1
117,4,1
117,5,1
117,6,0
117,7,0
117,8,0
117,9,0
117,10,0
117,11,0
117,12,1
117,13,1
117,14,0
118,1,0
118,2,1
118,3,1
118,4,0
118,5,0
118,6,1
118,7,0
118,8,0
118,9,0
118,10,0
118,11,1
118,12,0
118,13,0
118,14,0
119,1,0
119,2,0
119,3,0
119,4,1
119,5,1
119,6,1
119,7,1
119,8,1
119,9,0
119,10,0
119,11,0
119,12,1
119,13,0
119,14,1
120,1,0
120,2,1
120,3,0
120,4,0
120,5,0
120,6,1
120,7,0
120,8,0
120,9,0
120,10,0
120,11,0
120,12,0
120,13,0
120,14,0
121,1,0
121,2,1
121,3,0
121,4,0
121,5,0
121,6,1
121,7,0
121,8,0
121,9,0
121,10,0
121,11,1
121,12,0
121,13,0
121,14,1
122,1,0
122,2,0
122,3,0
122,4,0
122,5,0
122,6,0
122,7,0
122,8,1
122,9,0
122,10,0
122,11,0
122,12,0
122,13,0
122,14,0
123,1,0
123,2,0
123,3,0
123,4,0
123,5,1
123,6,0
123,7,0
123,8,0
123,9,0
123,10,0
123,11,0
123,12,0
123,13,0
123,14,0
124,1,0
124,2,0
124,3,1
124,4,0
124,5,0
124,6,0
124,7,1
124,8,1
124,9,0
124,10,0
124,11,0
124,12,0
124,13,1
124,14,0
125,1,0
125,2,0
125,3,0
125,4,0
125,5,1
125,6,0
125,7,0
125,8,0
125,9,0
125,10,0
125,11,0
125,12,0
125,13,0
125,14,0
126,1,0
126,2,0
126,3,0
126,4,0
126,5,0
126,6,0
126,7,0
126,8,0
126,9,0
126,10,0
126,11,0
126,12,0
126,13,1
126,14,1
127,1,0
127,2,0
127,3,0
127,4,1
127,5,1
127,6,0
127,7,0
127,8,0
127,9,0
127,10,0
127,11,0
127,12,0
127,13,1
127,14,0
128,1,0
128,2,1
128,3,0
128,4,0
128,5,0
128,6,0
128,7,0
128,8,1
128,9,0
128,10,0
128,11,1
128,12,0
128,13,0
128,14,0
129,1,0
129,2,0
129,3,0
129,4,1
129,5,0
129,6,0
129,7,1
129,8,0
129,9,0
129,10,0
129,11,0
129,12,1
129,13,0
129,14,0
130,1,1
130,2,1
130,3,1
130,4,0
130,5,0
130,6,1
130,7,0
130,8,0
130,9,0
130,10,0
130,11,0
130,12,0
130,13,1
130,14,0
131,1,0
131,2,0
131,3,0
131,4,0
131,5,0
131,6,0
131,7,1
131,8,0
131,9,0
131,10,0
131,11,0
131,12,0
131,13,1
131,14,0
132,1,0
132,2,1
132,3,0
132,4,0
132,5,0
132,6,1
132,7,0
132,8,0
132,9,0
132,10,1
132,11,0
132,12,0
132,13,0
132,14,0
133,1,0
133,2,0
133,3,0
133,4,0
133,5,0
133,6,0
133,7,0
133,8,0
133,9,0
133,10,0
133,11,0
133,12,0
133,13,0
133,14,0
134,1,0
134,2,0
134,3,0
134,4,1
134,5,0
134,6,0
134,7,0
134,8,1
134,9,0
134,10,0
134,11,0
134,12,1
134,13,0
134,14,0
135,1,0
135,2,1
135,3,1
135,4,0
135,5,1
135,6,0
135,7,1
135,8,0
135,9,0
135,10,0
135,11,0
135,12,1
135,13,0
135,14,1
136,1,0
136,2,0
136,3,0
136,4,0
136,5,0
136,6,0
136,7,0
136,8,0
136,9,0
136,10,0
136,11,0
136,12,0
136,13,0
136,14,1
137,1,0
137,2,0
137,3,0
137,4,0
137,5,1
137,6,0
137,7,0
137,8,0
137,9,0
137,10,0
137,11,0
137,12,0
137,13,0
137,14,0
138,1,0
138,2,0
138,3,0
138,4,0
138,5,0
138,6,0
138,7,0
138,8,1
138,9,1
138,10,0
138,11,1
138,12,0
138,13,0
138,14,0
139,1,0
139,2,1
139,3,0
139,4,1
139,5,0
139,6,0
139,7,1
139,8,0
139,9,1
139,10,0
139,11,0
139,12,0
139,13,0
139,14,0
140,1,0
140,2,0
140,3,0
140,4,0
140,5,0
140,6,1
140,7,0
140,8,0
140,9,1
140,10,0
140,11,0
140,12,0
140,13,0
140,14,0
141,1,0
141,2,1
141,3,0
141,4,1
141,5,0
141,6,0
141,7,0
141,8,0
141,9,0
141,10,0
141,11,0
141,12,1
141,13,0
141,14,0
142,1,1
142,2,0
142,3,0
142,4,0
142,5,0
142,6,0
142,7,0
142,8,0
142,9,0
142,10,1
142,11,1
142,12,0
142,13,0
142,14,0
143,1,0
143,2,0
143,3,0
143,4,0
143,5,0
143,6,0
143,7,0
143,8,0
143,9,1
143,10,0
143,11,1
143,12,0
143,13,1
143,14,1
144,1,0
144,2,0
144,3,0
144,4,0
144,5,0
144,6,0
144,7,1
144,8,0
144,9,0
144,10,0
144,11,0
144,12,0
144,13,0
144,14,0
145,1,1
145,2,0
145,3,0
145,4,0
145,5,0
145,6,1
145,7,0
145,8,0
145,9,1
145,10,0
145,11,1
145,12,0
145,13,0
145,14,1
146,1,0
146,2,0
146,3,0
146,4,0
146,5,1
146,6,0
146,7,1
146,8,0
146,9,0
146,10,1
146,11,0
146,12,0
146,13,0
146,14,1
147,1,0
147,2,0
147,3,0
147,4,0
147,5,0
147,6,0
147,7,0
147,8,0
147,9,0
147,10,0
147,11,1
147,12,1
147,13,0
147,14,0
148,1,0
148,2,0
148,3,0
148,4,0
148,5,0
148,6,1
148,7,1
148,8,0
148,9,0
148,10,0
148,11,1
148,12,1
148,13,0
148,14,0
149,1,0
149,2,1
149,3,0
149,4,0
149,5,1
149,6,0
149,7,0
149,8,1
149,9,0
149,10,1
149,11,0
149,12,0
149,13,0
149,14,1
150,1,1
150,2,0
150,3,1
150,4,1
150,5,0
150,6,1
150,7,0
150,8,1
150,9,1
150,10,0
150,11,0
150,12,0
150,13,1
150,14,1
151,1,0
151,2,0
151,3,0
151,4,0
151,5,1
151,6,0
151,7,0
151,8,0
151,9,1
151,10,0
151,11,0
151,12,0
151,13,0
151,14,0
152,1,0
152,2,0
152,3,0
152,4,0
152,5,0
152,6,0
152,7,0
152,8,0
152,9,0
152,10,0
152,11,0
152,12,0
152,13,0
152,14,0
153,1,1
153,2,0
153,3,0
153,4,0
153,5,0
153,6,0
153,7,1
153,8,0
153,9,0
153,10,0
153,11,0
153,12,1
153,13,0
153,14,0
154,1,1
154,2,1
154,3,0
154,4,0
154,5,0
154,6,0
154,7,0
154,8,0
154,9,1
154,10,0
154,11,0
154,12,0
154,13,0
154,14,1
155,1,1
155,2,0
155,3,0
155,4,1
155,5,0
155,6,1
155,7,0
155,8,0
155,9,1
155,10,1
155,11,0
155,12,0
155,13,0
155,14,0
156,1,0
156,2,0
156,3,0
156,4,0
156,5,0
156,6,0
156,7,1
156,8,0
156,9,0
156,10,0
156,11,0
156,12,0
156,13,0
156,14,0
157,1,0
157,2,0
157,3,0
157,4,0
157,5,0
157,6,0
157,7,0
157,8,1
157,9,0
157,10,0
157,11,1
157,12,0
157,13,0
157,14,0
158,1,0
158,2,0
158,3,0
158,4,1
158,5,1
158,6,0
158,7,0
158,8,0
158,9,0
158,10,0
158,11,0
158,12,0
158,13,0
158,14,0
159,1,0
159,2,0
159,3,0
159,4,0
159,5,0
159,6,0
159,7,0
159,8,0
159,9,1
159,10,1
159,11,1
159,12,0
159,13,1
159,14,0
160,1,0
160,2,1
160,3,1
160,4,0
160,5,0
160,6,0
160,7,1
160,8,0
160,9,0
160,10,0
160,11,0
160,12,0
160,13,0
160,14,1
161,1,0
161,2,0
161,3,0
161,4,0
161,5,0
161,6,0
161,7,0
161,8,0
161,9,0
161,10,0
161,11,1
161,12,0
161,13,0
161,14,0
162,1,0
162,2,0
162,3,0
162,4,1
162,5,0
162,6,1
162,7,1
162,8,0
162,9,0
162,10,0
162,11,0
162,12,0
162,13,1
162,14,0
163,1,0
163,2,0
163,3,0
163,4,0
163,5,0
163,6,0
163,7,0
163,8,1
163,9,0
163,10,0
163,11,0
163,12,0
163,13,0
163,14,0
164,1,1
164,2,0
164,3,0
164,4,0
164,5,0
164,6,0
164,7,1
164,8,0
164,9,1
164,10,0
164,11,0
164,12,0
164,13,0
164,14,0
165,1,0
165,2,0
165,3,0
165,4,0
165,5,0
165,6,0
165,7,0
165,8,1
165,9,1
165,10,0
165,11,1
165,12,0
165,13,1
165,14,0
166,1,1
166,2,0
166,3,0
166,4,0
166,5,0
166,6,0
166,7,1
166,8,0
166,9,1
166,10,0
166,11,0
166,12,1
166,13,0
166,14,1
167,1,0
167,2,0
167,3,0
167,4,0
167,5,0
167,6,0
167,7,0
167,8,0
167,9,0
167,10,0
167,11,0
167,12,1
167,13,1
167,14,1
168,1,0
168,2,0
168,3,0
168,4,0
168,5,0
168,6,0
168,7,0
168,8,0
168,9,0
168,10,0
168,11,0
168,12,0
168,13,0
168,14,1
169,1,0
169,2,0
169,3,0
169,4,0
169,5,0
169,6,0
169,7,1
169,8,0
169,9,1
169,10,0
169,11,0
169,12,0
169,13,0
169,14,0
170,1,0
170,2,1
170,3,1
170,4,0
170,5,0
170,6,0
170,7,1
170,8,1
170,9,1
170,10,1
170,11,0
170,12,1
170,13,0
170,14,0
171,1,0
171,2,0
171,3,1
171,4,0
171,5,0
171,6,0
171,7,0
171,8,0
171,9,0
171,10,1
171,11,0
171,12,0
171,13,0
171,14,0
172,1,0
172,2,1
172,3,0
172,4,1
172,5,0
172,6,1
172,7,1
172,8,1
172,9,0
172,10,1
172,11,0
172,12,1
172,13,1
172,14,1
173,1,0
173,2,1
173,3,0
173,4,0
173,5,0
173,6,0
173,7,1
173,8,0
173,9,1
173,10,0
173,11,0
173,12,0
173,13,0
173,14,1
174,1,0
174,2,1
174,3,0
174,4,0
174,5,0
174,6,0
174,7,0
174,8,0
174,9,0
174,10,0
174,11,0
174,12,0
174,13,1
174,14,1
175,1,0
175,2,0
175,3,0
175,4,0
175,5,0
175,6,0
175,7,0
175,8,0
175,9,1
175,10,1
175,11,0
175,12,1
175,13,0
175,14,0
176,1,0
176,2,1
176,3,0
176,4,0
176,5,0
176,6,0
176,7,0
176,8,1
176,9,0
176,10,0
176,11,0
176,12,0
176,13,0
176,14,0
177,1,1
177,2,1
177,3,0
177,4,0
177,5,0
177,6,0
177,7,0
177,8,1
177,9,0
177,10,0
177,11,0
177,12,0
177,13,1
177,14,1
178,1,0
178,2,0
178,3,0
178,4,0
178,5,1
178,6,0
178,7,0
178,8,0
178,9,0
178,10,1
178,11,0
178,12,0
178,13,0
178,14,0
179,1,1
179,2,0
179,3,0
179,4,0
179,5,1
179,6,0
179,7,0
179,8,1
179,9,0
179,10,0
179,11,1
179,12,0
179,13,0
179,14,0
180,1,1
180,2,0
180,3,1
180,4,0
180,5,0
180,6,0
180,7,0
180,8,1
180,9,0
180,10,0
180,11,0
180,12,0
180,13,0
180,14,0
181,1,0
181,2,1
181,3,0
181,4,0
181,5,0
181,6,0
181,7,1
181,8,0
181,9,0
181,10,0
181,11,1
181,12,0
181,13,1
181,14,0
182,1,0
182,2,0
182,3,1
182,4,1
182,5,0
182,6,0
182,7,0
182,8,0
182,9,0
182,10,0
182,11,1
182,12,0
182,13,0
182,14,0
183,1,0
183,2,0
183,3,0
183,4,0
183,5,1
183,6,0
183,7,0
183,8,0
183,9,0
183,10,0
183,11,0
183,12,0
183,13,0
183,14,0
184,1,0
184,2,0
184,3,0
184,4,0
184,5,0
184,6,0
184,7,0
184,8,1
184,9,0
184,10,0
184,11,0
184,12,0
184,13,0
184,14,0
185,1,0
185,2,0
185,3,0
185,4,0
185,5,0
185,6,0
185,7,0
185,8,0
185,9,0
185,10,0
185,11,1
185,12,1
185,13,1
185,14,0
186,1,0
186,2,0
186,3,0
186,4,0
186,5,0
186,6,0
186,7,0
186,8,0
186,9,0
186,10,0
186,11,0
186,12,0
186,13,0
186,14,0
187,1,0
187,2,0
187,3,0
187,4,0
187,5,0
187,6,1
187,7,0
187,8,0
187,9,0
187,10,0
187,11,0
187,12,0
187,13,0
187,14,1
188,1,0
188,2,0
188,3,1
188,4,0
188,5,1
188,6,1
188,7,0
188,8,0
188,9,0
188,10,0
188,11,0
188,12,0
188,13,1
188,14,0
189,1,1
189,2,0
189,3,0
189,4,0
189,5,0
189,6,0
189,7,0
189,8,0
189,9,0
189,10,0
189,11,1
189,12,0
189,13,0
189,14,0
190,1,0
190,2,0
190,3,1
190,4,0
190,5,0
190,6,0
190,7,0
190,8,0
190,9,0
190,10,0
190,11,0
190,12,0
190,13,0
190,14,0
191,1,0
191,2,0
191,3,0
191,4,0
191,5,0
191,6,0
191,7,0
191,8,0
191,9,0
191,10,1
191,11,0
191,12,0
191,13,0
191,14,0
192,1,1
192,2,0
192,3,1
192,4,0
192,5,0
192,6,1
192,7,1
192,8,0
192,9,0
192,10,0
192,11,0
192,12,0
192,13,0
192,14,0
193,1,0
193,2,0
193,3,0
193,4,0
193,5,0
193,6,0
193,7,0
193,8,0
193,9,0
193,10,0
193,11,0
193,12,1
193,13,0
193,14,0
194,1,0
194,2,0
194,3,0
194,4,0
194,5,0
194,6,1
194,7,0
194,8,0
194,9,0
194,10,0
194,11,0
194,12,0
194,13,0
194,14,0
195,1,1
195,2,0
195,3,0
195,4,0
195,5,0
195,6,1
195,7,0
195,8,1
195,9,0
195,10,0
195,11,0
195,12,0
195,13,0
195,14,0
196,1,1
196,2,0
196,3,0
196,4,0
196,5,1
196,6,0
196,7,0
196,8,0
196,9,0
196,10,0
196,11,0
196,12,0
196,13,1
196,14,0
197,1,0
197,2,1
197,3,1
197,4,0
197,5,1
197,6,0
197,7,0
197,8,1
197,9,0
197,10,1
197,11,0
197,12,0
197,13,0
197,14,0
198,1,0
198,2,0
198,3,0
198,4,1
198,5,0
198,6,0
198,7,0
198,8,0
198,9,0
198,10,0
198,11,0
198,12,0
198,13,0
198,14,1
199,1,0
199,2,0
199,3,0
199,4,0
199,5,0
199,6,0
199,7,0
199,8,0
199,9,0
199,10,0
199,11,0
199,12,0
199,13,0
199,14,1
200,1,1
200,2,0
200,3,0
200,4,0
200,5,1
200,6,0
200,7,0
200,8,0
200,9,0
200,10,1
200,11,1
200,12,0
200,13,0
200,14,0
201,1,0
201,2,0
201,3,1
201,4,0
201,5,1
201,6,0
201,7,0
201,8,0
201,9,1
201,10,1
201,11,0
201,12,0
201,13,0
201,14,0
202,1,1
202,2,0
202,3,0
202,4,0
202,5,0
202,6,0
202,7,0
202,8,1
202,9,1
202,10,1
202,11,0
202,12,1
202,13,0
202,14,0
203,1,0
203,2,0
203,3,0
203,4,0
203,5,0
203,6,1
203,7,0
203,8,1
203,9,0
203,10,0
203,11,1
203,12,0
203,13,1
203,14,0
204,1,0
204,2,0
204,3,1
204,4,0
204,5,0
204,6,0
204,7,0
204,8,0
204,9,0
204,10,0
204,11,0
204,12,1
204,13,0
204,14,0
205,1,0
205,2,0
205,3,1
205,4,0
205,5,0
205,6,0
205,7,0
205,8,0
205,9,1
205,10,0
205,11,0
205,12,0
205,13,0
205,14,0
206,1,0
206,2,1
206,3,0
206,4,1
206,5,0
206,6,0
206,7,1
206,8,0
206,9,0
206,10,1
206,11,0
206,12,0
206,13,0
206,14,0
207,1,1
207,2,0
207,3,0
207,4,0
207,5,0
207,6,1
207,7,0
207,8,1
207,9,1
207,10,1
207,11,1
207,12,0
207,13,0
207,14,0
208,1,0
208,2,0
208,3,0
208,4,0
208,5,0
208,6,0
208,7,0
208,8,0
208,9,1
208,10,0
208,11,0
208,12,0
208,13,0
208,14,0
209,1,0
209,2,0
209,3,0
209,4,0
209,5,0
209,6,1
209,7,0
209,8,0
209,9,1
209,10,1
209,11,1
209,12,0
209,13,0
209,14,0
210,1,0
210,2,0
210,3,0
210,4,0
210,5,1
210,6,1
210,7,0
210,8,0
210,9,1
210,10,1
210,11,0
210,12,0
210,13,0
210,14,0
211,1,1
211,2,1
211,3,0
211,4,0
211,5,0
211,6,0
211,7,0
211,8,0
211,9,1
211,10,0
211,11,0
211,12,0
211,13,0
211,14,0
212,1,0
212,2,0
212,3,0
212,4,0
212,5,0
212,6,1
212,7,0
212,8,0
212,9,0
212,10,0
212,11,0
212,12,0
212,13,1
212,14,1
213,1,0
213,2,0
213,3,0
213,4,0
213,5,1
213,6,0
213,7,0
213,8,0
213,9,0
213,10,0
213,11,0
213,12,0
213,13,0
213,14,0
214,1,0
214,2,1
214,3,0
214,4,0
214,5,0
214,6,0
214,7,0
214,8,0
214,9,0
214,10,0
214,11,0
214,12,0
214,13,1
214,14,0
215,1,0
215,2,0
215,3,0
215,4,0
215,5,0
215,6,0
215,7,0
215,8,0
215,9,1
215,10,0
215,11,0
215,12,0
215,13,0
215,14,0
216,1,0
216,2,0
216,3,0
216,4,0
216,5,0
216,6,0
216,7,0
216,8,0
216,9,0
216,10,0
216,11,0
216,12,0
216,13,0
216,14,0
217,1,0
217,2,0
217,3,0
217,4,0
217,5,1
217,6,0
217,7,0
217,8,0
217,9,0
217,10,1
217,11,1
217,12,1
217,13,1
217,14,0
218,1,1
218,2,0
218,3,0
218,4,0
218,5,0
218,6,0
218,7,0
218,8,0
218,9,0
218,10,0
218,11,0
218,12,0
218,13,0
218,14,0
219,1,1
219,2,0
219,3,0
219,4,0
219,5,0
219,6,0
219,7,1
219,8,0
219,9,0
219,10,0
219,11,0
219,12,1
219,13,0
219,14,1
220,1,0
220,2,0
220,3,1
220,4,0
220,5,0
220,6,0
220,7,1
220,8,0
220,9,0
220,10,0
220,11,0
220,12,1
220,13,0
220,14,1
221,1,0
221,2,1
221,3,0
221,4,0
221,5,0
221,6,0
221,7,0
221,8,1
221,9,0
221,10,0
221,11,1
221,12,0
221,13,1
221,14,0
222,1,0
222,2,0
222,3,0
222,4,0
222,5,0
222,6,1
222,7,0
222,8,0
222,9,0
222,10,0
222,11,0
222,12,0
222,13,1
222,14,0
223,1,0
223,2,0
223,3,0
223,4,0
223,5,0
223,6,0
223,7,0
223,8,0
223,9,0
223,10,0
223,11,0
223,12,0
223,13,0
223,14,0
224,1,1
224,2,1
224,3,0
224,4,1
224,5,0
224,6,1
224,7,0
224,8,0
224,9,1
224,10,0
224,11,0
224,12,0
224,13,0
224,14,0
225,1,0
225,2,1
225,3,0
225,4,0
225,5,1
225,6,0
225,7,0
225,8,1
225,9,0
225,10,0
225,11,0
225,12,0
225,13,0
225,14,1
226,1,0
226,2,1
226,3,1
226,4,1
226,5,0
226,6,1
226,7,0
226,8,0
226,9,0
226,10,0
226,11,0
226,12,0
226,13,0
226,14,0
227,1,0
227,2,0
227,3,1
227,4,1
227,5,1
227,6,0
227,7,1
227,8,0
227,9,0
227,10,1
227,11,0
227,12,1
227,13,0
227,14,0
228,1,0
228,2,0
228,3,1
228,4,0
228,5,0
228,6,0
228,7,0
228,8,0
228,9,1
228,10,0
228,11,0
228,12,1
228,13,1
228,14,0
229,1,0
229,2,1
229,3,1
229,4,1
229,5,0
229,6,0
229,7,0
229,8,1
229,9,0
229,10,0
229,11,0
229,12,0
229,13,1
229,14,0
230,1,1
230,2,0
230,3,0
230,4,0
230,5,0
230,6,0
230,7,0
230,8,0
230,9,0
230,10,1
230,11,1
230,12,0
230,13,0
230,14,0
231,1,0
231,2,0
231,3,0
231,4,0
231,5,0
231,6,0
231,7,0
231,8,0
231,9,0
231,10,0
231,11,0
231,12,1
231,13,0
231,14,1
232,1,1
232,2,0
232,3,0
232,4,0
232,5,0
232,6,1
232,7,1
232,8,0
232,9,0
232,10,0
232,11,0
232,12,0
232,13,0
232,14,0
233,1,0
233,2,0
233,3,0
233,4,1
233,5,0
233,6,0
233,7,0
233,8,0
233,9,0
233,10,0
233,11,0
233,12,1
233,13,0
233,14,0
234,1,1
234,2,0
234,3,0
234,4,0
234,5,0
234,6,1
234,7,0
234,8,0
234,9,0
234,10,0
234,11,1
234,12,0
234,13,0
234,14,0
235,1,0
235,2,1
235,3,0
235,4,0
235,5,0
235,6,1
235,7,0
235,8,0
235,9,0
235,10,0
235,11,0
235,12,0
235,13,0
235,14,0
236,1,0
236,2,0
236,3,0
236,4,0
236,5,0
236,6,0
236,7,1
236,8,0
236,9,1
236,10,0
236,11,1
236,12,0
236,13,0
236,14,0
237,1,1
237,2,0
237,3,0
237,4,0
237,5,0
237,6,1
237,7,0
237,8,0
237,9,0
237,10,0
237,11,0
237,12,0
237,13,1
237,14,1
238,1,0
238,2,0
238,3,0
238,4,0
238,5,0
238,6,0
238,7,0
238,8,0
238,9,0
238,10,1
238,11,0
238,12,0
238,13,0
238,14,0
239,1,0
239,2,0
239,3,1
239,4,1
239,5,0
239,6,1
239,7,0
239,8,0
239,9,1
239,10,0
239,11,0
239,12,1
239,13,0
239,14,1
240,1,0
240,2,0
240,3,1
240,4,0
240,5,0
240,6,0
240,7,0
240,8,0
240,9,0
240,10,0
240,11,0
240,12,0
240,13,0
240,14,0
241,1,1
241,2,1
241,3,1
241,4,0
241,5,0
241,6,0
241,7,1
241,8,1
241,9,0
241,10,0
241,11,0
241,12,1
241,13,0
241,14,0
242,1,0
242,2,0
242,3,0
242,4,0
242,5,0
242,6,0
242,7,0
242,8,0
242,9,0
242,10,0
242,11,0
242,12,0
242,13,0
242,14,0
243,1,0
243,2,0
243,3,1
243,4,0
243,5,0
243,6,1
243,7,0
243,8,0
243,9,1
243,10,1
243,11,0
243,12,0
243,13,0
243,14,1
244,1,0
244,2,0
244,3,0
244,4,0
244,5,0
244,6,1
244,7,1
244,8,0
244,9,0
244,10,0
244,11,0
244,12,0
244,13,0
244,14,0
245,1,0
245,2,0
245,3,0
245,4,0
245,5,0
245,6,0
245,7,0
245,8,0
245,9,0
245,10,0
245,11,0
245,12,0
245,13,0
245,14,0
246,1,0
246,2,0
246,3,1
246,4,0
246,5,0
246,6,0
246,7,0
246,8,0
246,9,0
246,10,0
246,11,1
246,12,1
246,13,0
246,14,1
247,1,1
247,2,0
247,3,0
247,4,0
247,5,0
247,6,0
247,7,0
247,8,0
247,9,0
247,10,1
247,11,1
247,12,0
247,13,0
247,14,0
248,1,0
248,2,0
248,3,0
248,4,0
248,5,0
248,6,0
248,7,0
248,8,1
248,9,0
248,10,0
248,11,0
248,12,0
248,13,0
248,14,0
249,1,0
249,2,1
249,3,0
249,4,1
249,5,0
249,6,0
249,7,0
249,8,1
249,9,0
249,10,0
249,11,1
249,12,0
249,13,0
249,14,0
250,1,0
250,2,0
250,3,0
250,4,0
250,5,0
250,6,1
250,7,0
250,8,0
250,9,0
250,10,0
250,11,0
250,12,1
250,13,0
250,14,0
251,1,0
251,2,0
251,3,1
251,4,0
251,5,0
251,6,0
251,7,0
251,8,0
251,9,0
251,10,0
251,11,0
251,12,0
251,13,0
251,14,0
252,1,0
252,2,0
252,3,0
252,4,0
252,5,1
252,6,0
252,7,0
252,8,0
252,9,1
252,10,0
252,11,0
252,12,1
252,13,0
252,14,0
253,1,0
253,2,0
253,3,0
253,4,1
253,5,0
253,6,0
253,7,0
253,8,0
253,9,0
253,10,0
253,11,0
253,12,0
253,13,0
253,14,1
254,1,0
254,2,0
254,3,0
254,4,0
254,5,0
254,6,0
254,7,0
254,8,0
254,9,0
254,10,1
254,11,0
254,12,0
254,13,0
254,14,0
255,1,0
255,2,0
255,3,1
255,4,0
255,5,1
255,6,0
255,7,0
255,8,1
255,9,0
255,10,0
255,11,0
255,12,0
255,13,1
255,14,0
256,1,0
256,2,0
256,3,0
256,4,1
256,5,0
256,6,1
256,7,1
256,8,0
256,9,1
256,10,0
256,11,0
256,12,0
256,13,0
256,14,0
257,1,0
257,2,0
257,3,0
257,4,0
257,5,1
257,6,1
257,7,0
257,8,0
257,9,0
257,10,0
257,11,0
257,12,0
257,13,0
257,14,0
258,1,0
258,2,1
258,3,1
258,4,0
258,5,0
258,6,0
258,7,0
258,8,1
258,9,0
258,10,0
258,11,0
258,12,0
258,13,0
258,14,0
259,1,1
259,2,0
259,3,0
259,4,0
259,5,0
259,6,0
259,7,1
259,8,0
259,9,1
259,10,0
259,11,0
259,12,0
259,13,1
259,14,1
260,1,0
260,2,0
260,3,0
260,4,0
260,5,0
260,6,0
260,7,0
260,8,0
260,9,0
260,10,0
260,11,0
260,12,1
260,13,0
260,14,0
261,1,0
261,2,0
261,3,0
261,4,1
261,5,0
261,6,0
261,7,1
261,8,0
261,9,0
261,10,1
261,11,1
261,12,1
261,13,0
261,14,0
262,1,0
262,2,0
262,3,1
262,4,1
262,5,0
262,6,0
262,7,0
262,8,0
262,9,0
262,10,0
262,11,0
262,12,0
262,13,0
262,14,0
263,1,0
263,2,0
263,3,1
263,4,1
263,5,1
263,6,0
263,7,0
263,8,1
263,9,0
263,10,0
263,11,0
263,12,0
263,13,0
263,14,0
264,1,0
264,2,0
264,3,1
264,4,0
264,5,0
264,6,0
264,7,1
264,8,0
264,9,0
264,10,0
264,11,0
264,12,0
264,13,0
264,14,0
265,1,0
265,2,0
265,3,0
265,4,0
265,5,0
265,6,1
265,7,0
265,8,0
265,9,0
265,10,1
265,11,0
265,12,1
265,13,1
265,14,0
266,1,0
266,2,0
266,3,0
266,4,0
266,5,1
266,6,0
266,7,1
266,8,0
266,9,1
266,10,1
266,11,1
266,12,0
266,13,0
266,14,0
267,1,0
267,2,0
267,3,0
267,4,1
267,5,1
267,6,1
267,7,0
267,8,1
267,9,1
267,10,0
267,11,0
267,12,1
267,13,0
267,14,0
268,1,0
268,2,0
268,3,0
268,4,1
268,5,0
268,6,0
268,7,0
268,8,0
268,9,1
268,10,0
268,11,0
268,12,0
268,13,0
268,14,0
269,1,0
269,2,0
269,3,0
269,4,0
269,5,0
269,6,0
269,7,0
269,8,1
269,9,0
269,10,0
269,11,1
269,12,0
269,13,0
269,14,0
270,1,0
270,2,1
270,3,0
270,4,0
270,5,0
270,6,0
270,7,0
270,8,0
270,9,0
270,10,1
270,11,0
270,12,1
270,13,1
270,14,1
271,1,0
271,2,0
271,3,0
271,4,0
271,5,0
271,6,0
271,7,0
271,8,0
271,9,0
271,10,1
271,11,0
271,12,1
271,13,0
271,14,0
272,1,0
272,2,0
272,3,0
272,4,1
272,5,0
272,6,0
272,7,0
272,8,0
272,9,0
272,10,0
272,11,1
272,12,0
272,13,0
272,14,1
273,1,1
273,2,1
273,3,0
273,4,1
273,5,0
273,6,0
273,7,1
273,8,0
273,9,0
273,10,0
273,11,0
273,12,0
273,13,1
273,14,1
274,1,0
274,2,0
274,3,0
274,4,0
274,5,0
274,6,0
274,7,0
274,8,0
274,9,0
274,10,0
274,11,0
274,12,0
274,13,1
274,14,1
275,1,0
275,2,0
275,3,0
275,4,0
275,5,0
275,6,1
275,7,0
275,8,1
275,9,0
275,10,1
275,11,0
275,12,0
275,13,0
275,14,1
276,1,1
276,2,1
276,3,0
276,4,1
276,5,0
276,6,0
276,7,0
276,8,0
276,9,1
276,10,0
276,11,0
276,12,0
276,13,0
276,14,0
277,1,0
277,2,1
277,3,0
277,4,0
277,5,0
277,6,0
277,7,0
277,8,1
277,9,0
277,10,1
277,11,0
277,12,0
277,13,0
277,14,0
278,1,0
278,2,0
278,3,0
278,4,0
278,5,0
278,6,0
278,7,0
278,8,0
278,9,1
278,10,0
278,11,1
278,12,1
278,13,0
278,14,0
279,1,1
279,2,0
279,3,0
279,4,0
279,5,0
279,6,0
279,7,0
279,8,0
279,9,0
279,10,1
279,11,1
279,12,0
279,13,0
279,14,0
280,1,0
280,2,0
280,3,0
280,4,0
280,5,0
280,6,0
280,7,0
280,8,0
280,9,0
280,10,1
280,11,0
280,12,0
280,13,0
280,14,0
281,1,0
281,2,0
281,3,0
281,4,0
281,5,1
281,6,0
281,7,0
281,8,1
281,9,1
281,10,1
281,11,1
281,12,0
281,13,1
281,14,0
282,1,0
282,2,0
282,3,0
282,4,1
282,5,0
282,6,0
282,7,1
282,8,0
282,9,0
282,10,0
282,11,0
282,12,0
282,13,0
282,14,0
283,1,0
283,2,0
283,3,0
283,4,1
283,5,0
283,6,1
283,7,0
283,8,0
283,9,0
283,10,0
283,11,0
283,12,0
283,13,0
283,14,0
284,1,0
284,2,0
284,3,0
284,4,0
284,5,0
284,6,0
284,7,1
284,8,0
284,9,0
284,10,0
284,11,0
284,12,0
284,13,0
284,14,0
285,1,1
285,2,0
285,3,0
285,4,0
285,5,1
285,6,0
285,7,0
285,8,0
285,9,1
285,10,0
285,11,0
285,12,0
285,13,0
285,14,0
286,1,0
286,2,0
286,3,0
286,4,1
286,5,0
286,6,0
286,7,0
286,8,0
286,9,0
286,10,1
286,11,0
286,12,1
286,13,0
286,14,0
287,1,0
287,2,0
287,3,0
287,4,0
287,5,0
287,6,0
287,7,0
287,8,0
287,9,0
287,10,0
287,11,0
287,12,0
287,13,0
287,14,0
288,1,0
288,2,0
288,3,0
288,4,1
288,5,0
288,6,0
288,7,1
288,8,1
288,9,0
288,10,0
288,11,0
288,12,0
288,13,1
288,14,0
289,1,0
289,2,1
289,3,0
289,4,1
289,5,0
289,6,0
289,7,0
289,8,1
289,9,0
289,10,1
289,11,1
289,12,0
289,13,0
289,14,0
290,1,0
290,2,1
290,3,0
290,4,0
290,5,0
290,6,0
290,7,0
290,8,1
290,9,0
290,10,0
290,11,1
290,12,0
290,13,1
290,14,0
291,1,1
291,2,0
291,3,1
291,4,0
291,5,0
291,6,0
291,7,0
291,8,0
291,9,0
291,10,0
291,11,0
291,12,0
291,13,0
291,14,1
292,1,0
292,2,0
292,3,0
292,4,0
292,5,1
292,6,0
292,7,0
292,8,0
292,9,0
292,10,0
292,11,0
292,12,0
292,13,1
292,14,0
293,1,0
293,2,0
293,3,0
293,4,1
293,5,0
293,6,0
293,7,0
293,8,0
293,9,0
293,10,1
293,11,0
293,12,1
293,13,1
293,14,0
294,1,0
294,2,0
294,3,0
294,4,0
294,5,0
294,6,0
294,7,0
294,8,0
294,9,0
294,10,0
294,11,0
294,12,0
294,13,1
294,14,0
295,1,0
295,2,0
295,3,1
295,4,0
295,5,0
295,6,0
295,7,0
295,8,0
295,9,0
295,10,1
295,11,0
295,12,0
295,13,0
295,14,0
296,1,0
296,2,0
296,3,0
296,4,1
296,5,0
296,6,0
296,7,0
296,8,0
296,9,0
296,10,0
296,11,0
296,12,0
296,13,0
296,14,1
297,1,1
297,2,0
297,3,0
297,4,0
297,5,0
297,6,0
297,7,0
297,8,0
297,9,0
297,10,0
297,11,0
297,12,0
297,13,1
297,14,0
298,1,0
298,2,0
298,3,1
298,4,0
298,5,0
298,6,0
298,7,0
298,8,0
298,9,1
298,10,1
298,11,0
298,12,0
298,13,0
298,14,1
299,1,0
299,2,0
299,3,1
299,4,0
299,5,0
299,6,0
299,7,0
299,8,0
299,9,0
299,10,1
299,11,1
299,12,0
299,13,0
299,14,0
300,1,1
300,2,1
300,3,0
300,4,0
300,5,0
300,6,1
300,7,1
300,8,0
300,9,0
300,10,0
300,11,0
300,12,0
300,13,0
300,14,0
301,1,0
301,2,1
301,3,0
301,4,0
301,5,1
301,6,0
301,7,1
301,8,0
301,9,1
301,10,0
301,11,1
301,12,0
301,13,0
301,14,0
302,1,1
302,2,0
302,3,1
302,4,0
302,5,0
302,6,0
302,7,1
302,8,1
302,9,0
302,10,0
302,11,0
302,12,0
302,13,0
302,14,0
303,1,1
303,2,0
303,3,0
303,4,0
303,5,0
303,6,0
303,7,0
303,8,0
303,9,0
303,10,0
303,11,1
303,12,0
303,13,0
303,14,0
304,1,0
304,2,0
304,3,0
304,4,1
304,5,0
304,6,1
304,7,0
304,8,0
304,9,0
304,10,1
304,11,0
304,12,0
304,13,1
304,14,0
305,1,0
305,2,0
305,3,1
305,4,0
305,5,0
305,6,0
305,7,0
305,8,0
305,9,0
305,10,1
305,11,1
305,12,1
305,13,0
305,14,0
306,1,0
306,2,0
306,3,0
306,4,0
306,5,1
306,6,0
306,7,0
306,8,0
306,9,0
306,10,0
306,11,0
306,12,1
306,13,0
306,14,0
307,1,0
307,2,0
307,3,0
307,4,0
307,5,1
307,6,1
307,7,0
307,8,0
307,9,0
307,10,0
307,11,0
307,12,0
307,13,0
307,14,0
308,1,0
308,2,0
308,3,0
308,4,0
308,5,1
308,6,0
308,7,1
308,8,0
308,9,0
308,10,0
308,11,1
308,12,1
308,13,0
308,14,0
309,1,1
309,2,0
309,3,0
309,4,0
309,5,0
309,6,0
309,7,0
309,8,0
309,9,0
309,10,0
309,11,0
309,12,0
309,13,1
309,14,0
310,1,0
310,2,0
310,3,1
310,4,0
310,5,1
310,6,1
310,7,1
310,8,0
310,9,0
310,10,0
310,11,1
310,12,0
310,13,0
310,14,0
311,1,0
311,2,1
311,3,1
311,4,0
311,5,0
311,6,0
311,7,0
311,8,0
311,9,0
311,10,0
311,11,1
311,12,0
311,13,0
311,14,0
312,1,0
312,2,1
312,3,0
312,4,0
312,5,0
312,6,0
312,7,0
312,8,1
312,9,0
312,10,0
312,11,0
312,12,0
312,13,0
312,14,0
313,1,0
313,2,0
313,3,0
313,4,0
313,5,0
313,6,0
313,7,1
313,8,1
313,9,1
313,10,0
313,11,1
313,12,1
313,13,0
313,14,0
314,1,0
314,2,0
314,3,1
314,4,0
314,5,1
314,6,0
314,7,0
314,8,1
314,9,0
314,10,0
314,11,0
314,12,0
314,13,0
314,14,0
315,1,0
315,2,1
315,3,0
315,4,0
315,5,0
315,6,0
315,7,0
315,8,0
315,9,0
315,10,0
315,11,1
315,12,0
315,13,0
315,14,0
316,1,1
316,2,0
316,3,0
316,4,0
316,5,0
316,6,0
316,7,1
316,8,1
316,9,0
316,10,1
316,11,0
316,12,0
316,13,0
316,14,0
317,1,0
317,2,0
317,3,1
317,4,0
317,5,0
317,6,0
317,7,0
317,8,0
317,9,0
317,10,1
317,11,0
317,12,0
317,13,1
317,14,0
318,1,0
318,2,1
318,3,1
318,4,0
318,5,0
318,6,0
318,7,0
318,8,0
318,9,0
318,10,0
318,11,0
318,12,1
318,13,0
318,14,0
319,1,1
319,2,0
319,3,0
319,4,0
319,5,0
319,6,0
319,7,0
319,8,0
319,9,0
319,10,0
319,11,0
319,12,0
319,13,0
319,14,1
320,1,0
320,2,0
320,3,0
320,4,0
320,5,0
320,6,0
320,7,0
320,8,0
320,9,0
320,10,0
320,11,0
320,12,0
320,13,0
320,14,0
321,1,1
321,2,0
321,3,0
321,4,1
321,5,0
321,6,0
321,7,0
321,8,0
321,9,0
321,10,0
321,11,1
321,12,0
321,13,1
321,14,0
322,1,1
322,2,1
322,3,0
322,4,0
322,5,0
322,6,0
322,7,0
322,8,0
322,9,0
322,10,0
322,11,0
322,12,0
322,13,1
322,14,0
323,1,0
323,2,1
323,3,0
323,4,0
323,5,0
323,6,1
323,7,0
323,8,0
323,9,0
323,10,1
323,11,0
323,12,1
323,13,0
323,14,1
324,1,0
324,2,0
324,3,0
324,4,0
324,5,0
324,6,0
324,7,0
324,8,1
324,9,1
324,10,0
324,11,0
324,12,0
324,13,0
324,14,1
325,1,1
325,2,0
325,3,1
325,4,0
325,5,0
325,6,0
325,7,0
325,8,0
325,9,0
325,10,1
325,11,0
325,12,0
325,13,0
325,14,0
326,1,0
326,2,0
326,3,0
326,4,0
326,5,0
326,6,1
326,7,0
326,8,0
326,9,0
326,10,0
326,11,0
326,12,1
326,13,0
326,14,1
327,1,1
327,2,1
327,3,0
327,4,1
327,5,0
327,6,1
327,7,0
327,8,0
327,9,0
327,10,0
327,11,0
327,12,0
327,13,0
327,14,0
328,1,1
328,2,1
328,3,0
328,4,0
328,5,0
328,6,0
328,7,0
328,8,0
328,9,0
328,10,0
328,11,0
328,12,1
328,13,0
328,14,0
329,1,0
329,2,0
329,3,0
329,4,0
329,5,0
329,6,0
329,7,1
329,8,0
329,9,0
329,10,0
329,11,0
329,12,0
329,13,0
329,14,0
330,1,1
330,2,1
330,3,0
330,4,0
330,5,0
330,6,1
330,7,0
330,8,0
330,9,0
330,10,0
330,11,0
330,12,0
330,13,0
330,14,0
331,1,0
331,2,0
331,3,0
331,4,0
331,5,0
331,6,0
331,7,1
331,8,1
331,9,1
331,10,0
331,11,0
331,12,0
331,13,0
331,14,0
332,1,0
332,2,0
332,3,1
332,4,0
332,5,0
332,6,0
332,7,0
332,8,0
332,9,0
332,10,0
332,11,1
332,12,1
332,13,0
332,14,0
333,1,1
333,2,1
333,3,0
333,4,0
333,5,1
333,6,0
333,7,0
333,8,0
333,9,0
333,10,0
333,11,0
333,12,0
333,13,0
333,14,0
334,1,0
334,2,0
334,3,0
334,4,1
334,5,0
334,6,0
334,7,0
334,8,0
334,9,0
334,10,0
334,11,0
334,12,0
334,13,0
334,14,0
335,1,0
335,2,0
335,3,0
335,4,0
335,5,0
335,6,0
335,7,0
335,8,0
335,9,0
335,10,0
335,11,0
335,12,0
335,13,1
335,14,1
336,1,0
336,2,0
336,3,0
336,4,1
336,5,0
336,6,0
336,7,1
336,8,1
336,9,1
336,10,1
336,11,1
336,12,0
336,13,0
336,14,1
337,1,0
337,2,0
337,3,1
337,4,0
337,5,1
337,6,1
337,7,0
337,8,0
337,9,0
337,10,0
337,11,0
337,12,0
337,13,0
337,14,0
338,1,0
338,2,0
338,3,0
338,4,0
338,5,0
338,6,0
338,7,0
338,8,1
338,9,1
338,10,1
338,11,0
338,12,0
338,13,1
338,14,0
339,1,0
339,2,0
339,3,0
339,4,0
339,5,1
339,6,0
339,7,0
339,8,1
339,9,0
339,10,0
339,11,0
339,12,1
339,13,1
339,14,0
340,1,0
340,2,0
340,3,1
340,4,0
340,5,0
340,6,0
340,7,1
340,8,1
340,9,1
340,10,0
340,11,0
340,12,1
340,13,0
340,14,0
341,1,0
341,2,0
341,3,1
341,4,1
341,5,1
341,6,0
341,7,0
341,8,1
341,9,0
341,10,0
341,11,0
341,12,0
341,13,0
341,14,0
342,1,0
342,2,0
342,3,0
342,4,1
342,5,0
342,6,0
342,7,0
342,8,0
342,9,0
342,10,0
342,11,1
342,12,1
342,13,0
342,14,0
343,1,0
343,2,0
343,3,1
343,4,0
343,5,0
343,6,0
343,7,0
343,8,0
343,9,0
343,10,0
343,11,0
343,12,0
343,13,0
343,14,0
344,1,0
344,2,0
344,3,0
344,4,0
344,5,0
344,6,0
344,7,0
344,8,0
344,9,0
344,10,0
344,11,0
344,12,0
344,13,0
344,14,0
345,1,0
345,2,1
345,3,0
345,4,0
345,5,0
345,6,0
345,7,0
345,8,0
345,9,0
345,10,0
345,11,0
345,12,0
345,13,0
345,14,0
346,1,0
346,2,0
346,3,0
346,4,1
346,5,0
346,6,0
346,7,1
346,8,1
346,9,0
346,10,0
346,11,0
346,12,1
346,13,0
346,14,0
347,1,0
347,2,0
347,3,0
347,4,1
347,5,0
347,6,1
347,7,0
347,8,0
347,9,0
347,10,1
347,11,0
347,12,0
347,13,0
347,14,0
348,1,1
348,2,0
348,3,0
348,4,0
348,5,0
348,6,0
348,7,1
348,8,0
348,9,0
348,10,0
348,11,0
348,12,1
348,13,1
348,14,0
349,1,0
349,2,0
349,3,1
349,4,1
349,5,0
349,6,0
349,7,0
349,8,0
349,9,0
349,10,0
349,11,1
349,12,0
349,13,0
349,14,1
350,1,0
350,2,1
350,3,0
350,4,1
350,5,1
350,6,1
350,7,1
350,8,0
350,9,0
350,10,0
350,11,0
350,12,0
350,13,0
350,14,1
351,1,1
351,2,0
351,3,0
351,4,0
351,5,0
351,6,0
351,7,0
351,8,0
351,9,0
351,10,1
351,11,0
351,12,0
351,13,0
351,14,0
352,1,0
352,2,0
352,3,0
352,4,0
352,5,0
352,6,1
352,7,0
352,8,0
352,9,0
352,10,1
352,11,0
352,12,1
352,13,0
352,14,0
353,1,1
353,2,0
353,3,0
353,4,0
353,5,1
353,6,0
353,7,0
353,8,0
353,9,1
353,10,0
353,11,0
353,12,0
353,13,1
353,14,0
354,1,0
354,2,0
354,3,0
354,4,0
354,5,0
354,6,0
354,7,0
354,8,0
354,9,0
354,10,0
354,11,0
354,12,0
354,13,0
354,14,0
355,1,0
355,2,1
355,3,0
355,4,0
355,5,0
355,6,0
355,7,0
355,8,1
355,9,1
355,10,0
355,11,1
355,12,1
355,13,0
355,14,0
356,1,0
356,2,0
356,3,1
356,4,0
356,5,0
356,6,0
356,7,0
356,8,0
356,9,0
356,10,0
356,11,0
356,12,0
356,13,0
356,14,0
357,1,0
357,2,0
357,3,0
357,4,0
357,5,0
357,6,0
357,7,0
357,8,0
357,9,0
357,10,0
357,11,1
357,12,0
357,13,0
357,14,0
358,1,1
358,2,0
358,3,0
358,4,0
358,5,0
358,6,0
358,7,0
358,8,0
358,9,1
358,10,0
358,11,0
358,12,0
358,13,0
358,14,0
359,1,1
359,2,1
359,3,0
359,4,1
359,5,0
359,6,0
359,7,0
359,8,0
359,9,0
359,10,0
359,11,0
359,12,0
359,13,0
359,14,0
360,1,0
360,2,1
360,3,1
360,4,0
360,5,1
360,6,0
360,7,1
360,8,0
360,9,0
360,10,0
360,11,0
360,12,0
360,13,0
360,14,0
361,1,0
361,2,0
361,3,1
361,4,0
361,5,0
361,6,0
361,7,0
361,8,0
361,9,0
361,10,0
361,11,0
361,12,0
361,13,0
361,14,1
362,1,0
362,2,0
362,3,1
362,4,0
362,5,0
362,6,1
362,7,0
362,8,1
362,9,0
362,10,0
362,11,1
362,12,0
362,13,0
362,14,0
363,1,0
363,2,0
363,3,0
363,4,0
363,5,1
363,6,0
363,7,0
363,8,0
363,9,0
363,10,0
363,11,0
363,12,0
363,13,0
363,14,0
364,1,1
364,2,0
364,3,0
364,4,0
364,5,0
364,6,1
364,7,0
364,8,0
364,9,1
364,10,0
364,11,0
364,12,1
364,13,0
364,14,0
365,1,0
365,2,0
365,3,1
365,4,1
365,5,0
365,6,0
365,7,0
365,8,0
365,9,0
365,10,0
365,11,0
365,12,0
365,13,0
365,14,0
366,1,0
366,2,1
366,3,0
366,4,1
366,5,0
366,6,0
366,7,0
366,8,0
366,9,0
366,10,0
366,11,1
366,12,0
366,13,0
366,14,0
367,1,0
367,2,0
367,3,0
367,4,0
367,5,0
367,6,0
367,7,1
367,8,0
367,9,0
367,10,0
367,11,1
367,12,0
367,13,0
367,14,0
368,1,1
368,2,1
368,3,0
368,4,1
368,5,0
368,6,0
368,7,0
368,8,0
368,9,0
368,10,0
368,11,0
368,12,0
368,13,0
368,14,0
369,1,0
369,2,1
369,3,0
369,4,0
369,5,0
369,6,0
369,7,0
369,8,0
369,9,0
369,10,0
369,11,1
369,12,0
369,13,0
369,14,0
370,1,0
370,2,0
370,3,0
370,4,0
370,5,0
370,6,1
370,7,0
370,8,1
370,9,1
370,10,1
370,11,0
370,12,0
370,13,0
370,14,1
371,1,0
371,2,1
371,3,0
371,4,0
371,5,0
371,6,0
371,7,1
371,8,1
371,9,0
371,10,0
371,11,0
371,12,0
371,13,0
371,14,0
372,1,0
372,2,0
372,3,0
372,4,1
372,5,0
372,6,0
372,7,0
372,8,1
372,9,1
372,10,0
372,11,0
372,12,0
372,13,0
372,14,0
373,1,0
373,2,0
373,3,0
373,4,0
373,5,0
373,6,0
373,7,0
373,8,0
373,9,1
373,10,0
373,11,0
373,12,0
373,13,0
373,14,1
374,1,1
374,2,0
374,3,1
374,4,0
374,5,1
374,6,0
374,7,0
374,8,0
374,9,0
374,10,1
374,11,0
374,12,0
374,13,0
374,14,0
375,1,0
375,2,0
375,3,0
375,4,1
375,5,1
375,6,0
375,7,0
375,8,0
375,9,1
375,10,0
375,11,0
375,12,0
375,13,0
375,14,1
376,1,0
376,2,0
376,3,1
376,4,1
376,5,0
376,6,0
376,7,0
376,8,0
376,9,1
376,10,1
376,11,0
376,12,0
376,13,0
376,14,0
377,1,0
377,2,0
377,3,1
377,4,0
377,5,1
377,6,0
377,7,0
377,8,0
377,9,0
377,10,0
377,11,0
377,12,0
377,13,1
377,14,0
378,1,0
378,2,0
378,3,0
378,4,0
378,5,0
378,6,1
378,7,0
378,8,0
378,9,0
378,10,0
378,11,0
378,12,1
378,13,0
378,14,0
379,1,0
379,2,0
379,3,0
379,4,0
379,5,0
379,6,0
379,7,0
379,8,0
379,9,0
379,10,0
379,11,0
379,12,0
379,13,0
379,14,0
380,1,0
380,2,0
380,3,1
380,4,0
380,5,0
380,6,1
380,7,0
380,8,1
380,9,0
380,10,0
380,11,0
380,12,0
380,13,0
380,14,0
381,1,1
381,2,1
381,3,0
381,4,0
381,5,0
381,6,0
381,7,0
381,8,0
381,9,0
381,10,0
381,11,0
381,12,0
381,13,0
381,14,0
382,1,0
382,2,0
382,3,0
382,4,1
382,5,0
382,6,0
382,7,1
382,8,0
382,9,0
382,10,1
382,11,0
382,12,0
382,13,0
382,14,0
383,1,0
383,2,1
383,3,0
383,4,0
383,5,0
383,6,0
383,7,0
383,8,0
383,9,0
383,10,0
383,11,0
383,12,0
383,13,0
383,14,0
384,1,0
384,2,1
384,3,1
384,4,0
384,5,0
384,6,1
384,7,0
384,8,0
384,9,0
384,10,0
384,11,0
384,12,0
384,13,0
384,14,1
385,1,0
385,2,0
385,3,0
385,4,0
385,5,0
385,6,1
385,7,1
385,8,0
385,9,0
385,10,0
385,11,0
385,12,1
385,13,1
385,14,0
386,1,0
386,2,0
386,3,0
386,4,0
386,5,0
386,6,0
386,7,0
386,8,0
386,9,0
386,10,0
386,11,0
386,12,0
386,13,0
386,14,0
387,1,0
387,2,1
387,3,0
387,4,0
387,5,0
387,6,0
387,7,0
387,8,1
387,9,0
387,10,1
387,11,0
387,12,1
387,13,0
387,14,0
388,1,0
388,2,0
388,3,1
388,4,0
388,5,0
388,6,0
388,7,0
388,8,0
388,9,0
388,10,0
388,11,0
388,12,0
388,13,0
388,14,0
389,1,1
389,2,0
389,3,0
389,4,0
389,5,0
389,6,0
389,7,0
389,8,0
389,9,1
389,10,0
389,11,0
389,12,1
389,13,0
389,14,0
390,1,0
390,2,0
390,3,1
390,4,0
390,5,0
390,6,0
390,7,0
390,8,0
390,9,0
390,10,0
390,11,1
390,12,0
390,13,0
390,14,0
391,1,0
391,2,0
391,3,0
391,4,0
391,5,0
391,6,0
391,7,0
391,8,0
391,9,0
391,10,0
391,11,0
391,12,0
391,13,0
391,14,0
392,1,0
392,2,0
392,3,0
392,4,0
392,5,0
392,6,1
392,7,0
392,8,0
392,9,1
392,10,0
392,11,1
392,12,0
392,13,1
392,14,0
393,1,1
393,2,0
393,3,0
393,4,0
393,5,0
393,6,0
393,7,0
393,8,1
393,9,0
393,10,0
393,11,1
393,12,0
393,13,0
393,14,0
394,1,0
394,2,0
394,3,0
394,4,0
394,5,0
394,6,1
394,7,0
394,8,0
394,9,0
394,10,0
394,11,1
394,12,1
394,13,0
394,14,0
395,1,0
395,2,0
395,3,0
395,4,0
395,5,0
395,6,0
395,7,0
395,8,1
395,9,0
395,10,0
395,11,1
395,12,0
395,13,1
395,14,0
396,1,0
396,2,0
396,3,0
396,4,0
396,5,0
396,6,0
396,7,0
396,8,0
396,9,0
396,10,0
396,11,0
396,12,0
396,13,0
396,14,1
397,1,0
397,2,1
397,3,1
397,4,0
397,5,0
397,6,0
397,7,0
397,8,1
397,9,1
397,10,0
397,11,0
397,12,1
397,13,0
397,14,1
398,1,0
398,2,1
398,3,0
398,4,0
398,5,1
398,6,1
398,7,0
398,8,0
398,9,1
398,10,0
398,11,0
398,12,0
398,13,0
398,14,0
399,1,0
399,2,0
399,3,0
399,4,1
399,5,1
399,6,0
399,7,0
399,8,0
399,9,1
399,10,0
399,11,1
399,12,0
399,13,0
399,14,0
400,1,1
400,2,0
400,3,0
400,4,0
400,5,0
400,6,1
400,7,0
400,8,0
400,9,0
400,10,0
400,11,0
400,12,0
400,13,0
400,14,0
401,1,1
401,2,0
401,3,0
401,4,0
401,5,0
401,6,0
401,7,0
401,8,0
401,9,0
401,10,0
401,11,1
401,12,0
401,13,0
401,14,0
402,1,1
402,2,0
402,3,1
402,4,0
402,5,0
402,6,0
402,7,0
402,8,1
402,9,0
402,10,0
402,11,0
402,12,0
402,13,0
402,14,0
403,1,0
403,2,0
403,3,0
403,4,0
403,5,0
403,6,0
403,7,0
403,8,0
403,9,0
403,10,0
403,11,0
403,12,0
403,13,0
403,14,0
404,1,1
404,2,0
404,3,0
404,4,0
404,5,0
404,6,0
404,7,0
404,8,0
404,9,0
404,10,0
404,11,0
404,12,1
404,13,0
404,14,0
405,1,0
405,2,0
405,3,0
405,4,0
405,5,0
405,6,0
405,7,0
405,8,0
405,9,0
405,10,0
405,11,0
405,12,1
405,13,0
405,14,0
406,1,0
406,2,0
406,3,0
406,4,0
406,5,0
406,6,0
406,7,0
406,8,0
406,9,0
406,10,1
406,11,0
406,12,0
406,13,0
406,14,0
407,1,0
407,2,0
407,3,0
407,4,0
407,5,0
407,6,1
407,7,1
407,8,0
407,9,0
407,10,0
407,11,1
407,12,0
407,13,0
407,14,0
408,1,0
408,2,1
408,3,0
408,4,0
408,5,0
408,6,0
408,7,1
408,8,0
408,9,1
408,10,0
408,11,1
408,12,0
408,13,0
408,14,0
409,1,0
409,2,0
409,3,0
409,4,1
409,5,1
409,6,0
409,7,1
409,8,0
409,9,0
409,10,1
409,11,1
409,12,0
409,13,0
409,14,0
410,1,0
410,2,1
410,3,0
410,4,1
410,5,0
410,6,0
410,7,0
410,8,0
410,9,1
410,10,0
410,11,0
410,12,1
410,13,0
410,14,0
411,1,0
411,2,0
411,3,0
411,4,1
411,5,0
411,6,0
411,7,0
411,8,0
411,9,1
411,10,0
411,11,1
411,12,0
411,13,0
411,14,0
412,1,0
412,2,0
412,3,0
412,4,1
412,5,0
412,6,1
412,7,1
412,8,0
412,9,0
412,10,0
412,11,0
412,12,1
412,13,0
412,14,1
413,1,0
413,2,0
413,3,0
413,4,0
413,5,0
413,6,1
413,7,0
413,8,0
413,9,1
413,10,0
413,11,1
413,12,0
413,13,0
413,14,0
414,1,0
414,2,1
414,3,0
414,4,0
414,5,1
414,6,0
414,7,0
414,8,0
414,9,0
414,10,1
414,11,0
414,12,0
414,13,0
414,14,0
415,1,0
415,2,1
415,3,0
415,4,0
415,5,0
415,6,0
415,7,1
415,8,0
415,9,0
415,10,0
415,11,0
415,12,0
415,13,1
415,14,0
416,1,0
416,2,1
416,3,0
416,4,0
416,5,1
416,6,0
416,7,0
416,8,0
416,9,0
416,10,0
416,11,0
416,12,0
416,13,0
416,14,0
417,1,0
417,2,1
417,3,0
417,4,0
417,5,0
417,6,0
417,7,0
417,8,0
417,9,0
417,10,1
417,11,1
417,12,0
417,13,0
417,14,1
418,1,0
418,2,0
418,3,1
418,4,0
418,5,0
418,6,0
418,7,0
418,8,1
418,9,1
418,10,0
418,11,0
418,12,0
418,13,0
418,14,0
419,1,0
419,2,1
419,3,0
419,4,0
419,5,0
419,6,0
419,7,0
419,8,0
419,9,0
419,10,1
419,11,1
419,12,0
419,13,1
419,14,0
420,1,0
420,2,0
420,3,0
420,4,0
420,5,0
420,6,0
420,7,1
420,8,1
420,9,1
420,10,0
420,11,0
420,12,0
420,13,1
420,14,1
421,1,0
421,2,0
421,3,0
421,4,0
421,5,0
421,6,0
421,7,0
421,8,0
421,9,0
421,10,0
421,11,0
421,12,0
421,13,1
421,14,0
422,1,0
422,2,0
422,3,0
422,4,0
422,5,0
422,6,0
422,7,0
422,8,1
422,9,0
422,10,0
422,11,0
422,12,0
422,13,1
422,14,1
423,1,0
423,2,0
423,3,0
423,4,0
423,5,0
423,6,1
423,7,0
423,8,0
423,9,0
423,10,0
423,11,0
423,12,0
423,13,0
423,14,0
424,1,0
424,2,0
424,3,0
424,4,0
424,5,0
424,6,1
424,7,1
424,8,0
424,9,1
424,10,0
424,11,0
424,12,0
424,13,0
424,14,0
425,1,1
425,2,0
425,3,0
425,4,0
425,5,0
425,6,0
425,7,0
425,8,0
425,9,0
425,10,0
425,11,0
425,12,0
425,13,0
425,14,0
426,1,0
426,2,1
426,3,0
426,4,1
426,5,1
426,6,0
426,7,0
426,8,0
426,9,0
426,10,0
426,11,0
426,12,0
426,13,0
426,14,0
427,1,0
427,2,0
427,3,0
427,4,1
427,5,0
427,6,0
427,7,1
427,8,1
427,9,1
427,10,0
427,11,0
427,12,0
427,13,0
427,14,1
428,1,0
428,2,0
428,3,0
428,4,0
428,5,1
428,6,0
428,7,1
428,8,0
428,9,1
428,10,0
428,11,0
428,12,0
428,13,1
428,14,0
429,1,0
429,2,0
429,3,0
429,4,1
429,5,0
429,6,0
429,7,0
429,8,0
429,9,0
429,10,1
429,11,0
429,12,0
429,13,1
429,14,0
430,1,0
430,2,1
430,3,0
430,4,0
430,5,0
430,6,1
430,7,0
430,8,0
430,9,0
430,10,0
430,11,0
430,12,0
430,13,1
430,14,0
431,1,0
431,2,0
431,3,0
431,4,0
431,5,0
431,6,0
431,7,0
431,8,0
431,9,0
431,10,0
431,11,0
431,12,0
431,13,0
431,14,0
432,1,0
432,2,0
432,3,0
432,4,0
432,5,0
432,6,0
432,7,0
432,8,0
432,9,0
432,10,0
432,11,1
432,12,0
432,13,0
432,14,0
433,1,0
433,2,0
433,3,1
433,4,0
433,5,0
433,6,0
433,7,0
433,8,0
433,9,0
433,10,0
433,11,0
433,12,0
433,13,0
433,14,0
434,1,0
434,2,1
434,3,0
434,4,1
434,5,1
434,6,0
434,7,0
434,8,1
434,9,1
434,10,1
434,11,0
434,12,0
434,13,0
434,14,0
435,1,0
435,2,0
435,3,0
435,4,0
435,5,0
435,6,1
435,7,0
435,8,0
435,9,0
435,10,0
435,11,0
435,12,1
435,13,0
435,14,0
436,1,0
436,2,0
436,3,1
436,4,0
436,5,0
436,6,1
436,7,0
436,8,1
436,9,0
436,10,0
436,11,0
436,12,0
436,13,1
436,14,0
437,1,0
437,2,1
437,3,0
437,4,0
437,5,0
437,6,1
437,7,1
437,8,0
437,9,0
437,10,0
437,11,0
437,12,0
437,13,1
437,14,0
438,1,1
438,2,0
438,3,0
438,4,0
438,5,1
438,6,1
438,7,1
438,8,1
438,9,0
438,10,0
438,11,1
438,12,0
438,13,0
438,14,0
439,1,0
439,2,0
439,3,0
439,4,0
439,5,1
439,6,0
439,7,1
439,8,0
439,9,0
439,10,1
439,11,0
439,12,0
439,13,0
439,14,0
440,1,1
440,2,1
440,3,0
440,4,0
440,5,0
440,6,0
440,7,0
440,8,0
440,9,0
440,10,0
440,11,0
440,12,1
440,13,0
440,14,0
441,1,0
441,2,0
441,3,0
441,4,0
441,5,0
441,6,0
441,7,1
441,8,0
441,9,0
441,10,0
441,11,0
441,12,1
441,13,0
441,14,0
442,1,1
442,2,0
442,3,0
442,4,1
442,5,0
442,6,0
442,7,1
442,8,0
442,9,0
442,10,0
442,11,0
442,12,0
442,13,0
442,14,0
443,1,0
443,2,0
443,3,0
443,4,0
443,5,1
443,6,1
443,7,0
443,8,0
443,9,0
443,10,0
443,11,1
443,12,0
443,13,0
443,14,1
444,1,1
444,2,1
444,3,0
444,4,0
444,5,1
444,6,0
444,7,0
444,8,0
444,9,0
444,10,1
444,11,0
444,12,0
444,13,0
444,14,0
445,1,0
445,2,0
445,3,0
445,4,0
445,5,0
445,6,0
445,7,0
445,8,0
445,9,0
445,10,0
445,11,0
445,12,0
445,13,0
445,14,0
446,1,0
446,2,0
446,3,1
446,4,0
446,5,0
446,6,1
446,7,0
446,8,0
446,9,1
446,10,0
446,11,0
446,12,0
446,13,1
446,14,0
447,1,1
447,2,0
447,3,0
447,4,0
447,5,0
447,6,0
447,7,1
447,8,0
447,9,0
447,10,0
447,11,0
447,12,0
447,13,1
447,14,1
448,1,0
448,2,0
448,3,0
448,4,0
448,5,0
448,6,0
448,7,0
448,8,0
448,9,0
448,10,0
448,11,0
448,12,1
448,13,0
448,14,0
449,1,1
449,2,0
449,3,1
449,4,0
449,5,0
449,6,0
449,7,0
449,8,1
449,9,0
449,10,0
449,11,0
449,12,0
449,13,0
449,14,0
450,1,1
450,2,0
450,3,0
450,4,0
450,5,0
450,6,0
450,7,0
450,8,0
450,9,0
450,10,0
450,11,1
450,12,0
450,13,1
450,14,0
451,1,0
451,2,0
451,3,0
451,4,0
451,5,0
451,6,0
451,7,1
451,8,0
451,9,0
451,10,0
451,11,0
451,12,0
451,13,0
451,14,1
452,1,0
452,2,0
452,3,0
452,4,0
452,5,0
452,6,0
452,7,0
452,8,0
452,9,0
452,10,0
452,11,1
452,12,0
452,13,0
452,14,1
453,1,0
453,2,0
453,3,0
453,4,0
453,5,0
453,6,0
453,7,0
453,8,0
453,9,0
453,10,0
453,11,0
453,12,0
453,13,0
453,14,0
454,1,1
454,2,0
454,3,0
454,4,0
454,5,1
454,6,1
454,7,0
454,8,0
454,9,0
454,10,0
454,11,0
454,12,1
454,13,0
454,14,0
455,1,0
455,2,0
455,3,0
455,4,0
455,5,0
455,6,0
455,7,0
455,8,0
455,9,1
455,10,0
455,11,0
455,12,0
455,13,1
455,14,0
456,1,0
456,2,0
456,3,0
456,4,0
456,5,1
456,6,0
456,7,0
456,8,0
456,9,0
456,10,1
456,11,0
456,12,0
456,13,0
456,14,0
457,1,0
457,2,0
457,3,0
457,4,1
457,5,0
457,6,0
457,7,0
457,8,0
457,9,1
457,10,0
457,11,0
457,12,1
457,13,0
457,14,0
458,1,0
458,2,0
458,3,0
458,4,1
458,5,0
458,6,0
458,7,1
458,8,1
458,9,1
458,10,0
458,11,0
458,12,1
458,13,0
458,14,0
459,1,0
459,2,0
459,3,0
459,4,0
459,5,1
459,6,0
459,7,0
459,8,0
459,9,0
459,10,0
459,11,0
459,12,1
459,13,0
459,14,1
460,1,0
460,2,0
460,3,0
460,4,0
460,5,0
460,6,0
460,7,0
460,8,0
460,9,0
460,10,0
460,11,1
460,12,1
460,13,1
460,14,0
461,1,1
461,2,0
461,3,0
461,4,0
461,5,0
461,6,0
461,7,1
461,8,1
461,9,0
461,10,0
461,11,0
461,12,0
461,13,0
461,14,0
462,1,0
462,2,0
462,3,0
462,4,1
462,5,0
462,6,0
462,7,1
462,8,0
462,9,0
462,10,0
462,11,0
462,12,0
462,13,1
462,14,0
463,1,0
463,2,0
463,3,0
463,4,1
463,5,0
463,6,0
463,7,0
463,8,0
463,9,0
463,10,0
463,11,1
463,12,0
463,13,0
463,14,1
464,1,1
464,2,0
464,3,0
464,4,0
464,5,0
464,6,0
464,7,0
464,8,0
464,9,1
464,10,0
464,11,0
464,12,0
464,13,0
464,14,0
465,1,1
465,2,0
465,3,0
465,4,0
465,5,0
465,6,1
465,7,1
465,8,0
465,9,0
465,10,0
465,11,0
465,12,0
465,13,0
465,14,0
466,1,0
466,2,1
466,3,0
466,4,0
466,5,1
466,6,0
466,7,1
466,8,0
466,9,0
466,10,0
466,11,1
466,12,0
466,13,0
466,14,0
467,1,0
467,2,0
467,3,0
467,4,0
467,5,0
467,6,0
467,7,0
467,8,0
467,9,1
467,10,1
467,11,0
467,12,0
467,13,0
467,14,0
468,1,1
468,2,0
468,3,0
468,4,0
468,5,0
468,6,0
468,7,0
468,8,0
468,9,0
468,10,0
468,11,0
468,12,0
468,13,0
468,14,0
469,1,0
469,2,1
469,3,1
469,4,0
469,5,0
469,6,0
469,7,0
469,8,1
469,9,0
469,10,1
469,11,0
469,12,0
469,13,0
469,14,0
470,1,0
470,2,0
470,3,0
470,4,0
470,5,1
470,6,0
470,7,0
470,8,1
470,9,0
470,10,0
470,11,0
470,12,0
470,13,0
470,14,1
471,1,0
471,2,0
471,3,0
471,4,1
471,5,0
471,6,1
471,7,1
471,8,1
471,9,0
471,10,1
471,11,0
471,12,1
471,13,1
471,14,1
472,1,0
472,2,0
472,3,1
472,4,0
472,5,0
472,6,0
472,7,0
472,8,0
472,9,0
472,10,0
472,11,0
472,12,0
472,13,1
472,14,0
473,1,0
473,2,0
473,3,0
473,4,0
473,5,1
473,6,0
473,7,0
473,8,0
473,9,0
473,10,0
473,11,1
473,12,0
473,13,0
473,14,1
474,1,0
474,2,1
474,3,0
474,4,0
474,5,1
474,6,0
474,7,0
474,8,0
474,9,0
474,10,0
474,11,0
474,12,0
474,13,0
474,14,0
475,1,0
475,2,0
475,3,1
475,4,0
475,5,1
475,6,0
475,7,0
475,8,1
475,9,1
475,10,0
475,11,0
475,12,0
475,13,1
475,14,0
476,1,0
476,2,0
476,3,0
476,4,0
476,5,0
476,6,0
476,7,0
476,8,0
476,9,1
476,10,0
476,11,0
476,12,0
476,13,0
476,14,0
477,1,0
477,2,0
477,3,0
477,4,0
477,5,0
477,6,0
477,7,1
477,8,0
477,9,1
477,10,0
477,11,1
477,12,1
477,13,0
477,14,1
478,1,0
478,2,0
478,3,0
478,4,1
478,5,0
478,6,1
478,7,0
478,8,0
478,9,0
478,10,0
478,11,0
478,12,0
478,13,0
478,14,1
479,1,0
479,2,0
479,3,0
479,4,0
479,5,0
479,6,0
479,7,0
479,8,0
479,9,0
479,10,0
479,11,0
479,12,0
479,13,0
479,14,0
480,1,0
480,2,0
480,3,0
480,4,0
480,5,0
480,6,0
480,7,0
480,8,0
480,9,1
480,10,0
480,11,1
480,12,0
480,13,0
480,14,0
481,1,0
481,2,1
481,3,1
481,4,0
481,5,1
481,6,1
481,7,0
481,8,0
481,9,1
481,10,0
481,11,1
481,12,0
481,13,0
481,14,0
482,1,1
482,2,0
482,3,0
482,4,0
482,5,0
482,6,0
482,7,0
482,8,1
482,9,0
482,10,1
482,11,0
482,12,0
482,13,0
482,14,0
483,1,0
483,2,0
483,3,0
483,4,0
483,5,0
483,6,1
483,7,0
483,8,1
483,9,0
483,10,0
483,11,0
483,12,0
483,13,0
483,14,0
484,1,0
484,2,0
484,3,1
484,4,1
484,5,1
484,6,0
484,7,0
484,8,0
484,9,0
484,10,0
484,11,0
484,12,0
484,13,0
484,14,0
485,1,1
485,2,0
485,3,0
485,4,0
485,5,0
485,6,0
485,7,1
485,8,0
485,9,0
485,10,1
485,11,0
485,12,0
485,13,0
485,14,0
486,1,0
486,2,0
486,3,1
486,4,0
486,5,0
486,6,1
486,7,0
486,8,0
486,9,0
486,10,1
486,11,0
486,12,0
486,13,0
486,14,0
487,1,0
487,2,1
487,3,0
487,4,0
487,5,1
487,6,0
487,7,0
487,8,1
487,9,0
487,10,0
487,11,0
487,12,1
487,13,0
487,14,0
488,1,0
488,2,1
488,3,1
488,4,1
488,5,0
488,6,0
488,7,0
488,8,0
488,9,0
488,10,0
488,11,1
488,12,1
488,13,0
488,14,0
489,1,1
489,2,0
489,3,1
489,4,1
489,5,0
489,6,0
489,7,0
489,8,1
489,9,0
489,10,0
489,11,0
489,12,0
489,13,0
489,14,0
490,1,0
490,2,1
490,3,0
490,4,0
490,5,1
490,6,1
490,7,0
490,8,0
490,9,0
490,10,0
490,11,1
490,12,1
490,13,0
490,14,1
491,1,0
491,2,0
491,3,0
491,4,0
491,5,0
491,6,1
491,7,1
491,8,0
491,9,0
491,10,0
491,11,0
491,12,0
491,13,0
491,14,1
492,1,0
492,2,0
492,3,0
492,4,0
492,5,0
492,6,0
492,7,0
492,8,0
492,9,0
492,10,0
492,11,0
492,12,0
492,13,0
492,14,0
493,1,0
493,2,0
493,3,0
493,4,1
493,5,0
493,6,1
493,7,0
493,8,0
493,9,0
493,10,0
493,11,0
493,12,1
493,13,0
493,14,0
494,1,0
494,2,0
494,3,0
494,4,0
494,5,0
494,6,0
494,7,0
494,8,0
494,9,0
494,10,0
494,11,0
494,12,0
494,13,0
494,14,0
495,1,0
495,2,0
495,3,0
495,4,1
495,5,0
495,6,0
495,7,0
495,8,0
495,9,0
495,10,0
495,11,0
495,12,0
495,13,0
495,14,0
496,1,0
496,2,0
496,3,0
496,4,0
496,5,1
496,6,0
496,7,0
496,8,0
496,9,0
496,10,0
496,11,0
496,12,0
496,13,0
496,14,0
497,1,0
497,2,0
497,3,0
497,4,0
497,5,0
497,6,1
497,7,0
497,8,0
497,9,0
497,10,0
497,11,0
497,12,0
497,13,0
497,14,0
498,1,0
498,2,0
498,3,1
498,4,0
498,5,0
498,6,0
498,7,0
498,8,1
498,9,0
498,10,0
498,11,1
498,12,0
498,13,0
498,14,0
499,1,0
499,2,1
499,3,0
499,4,1
499,5,0
499,6,0
499,7,1
499,8,0
499,9,0
499,10,1
499,11,0
499,12,0
499,13,0
499,14,0
500,1,1
500,2,0
500,3,0
500,4,0
500,5,0
500,6,0
500,7,0
500,8,0
500,9,0
500,10,1
500,11,0
500,12,0
500,13,0
500,14,1
501,1,0
501,2,0
501,3,1
501,4,0
501,5,0
501,6,0
501,7,1
501,8,1
501,9,0
501,10,0
501,11,1
501,12,1
501,13,0
501,14,0
502,1,0
502,2,0
502,3,0
502,4,0
502,5,0
502,6,0
502,7,0
502,8,0
502,9,0
502,10,0
502,11,0
502,12,0
502,13,0
502,14,1
503,1,0
503,2,0
503,3,0
503,4,0
503,5,0
503,6,0
503,7,1
503,8,0
503,9,1
503,10,0
503,11,0
503,12,0
503,13,1
503,14,0
504,1,0
504,2,0
504,3,0
504,4,0
504,5,1
504,6,1
504,7,0
504,8,0
504,9,0
504,10,0
504,11,0
504,12,0
504,13,0
504,14,0
505,1,0
505,2,0
505,3,0
505,4,0
505,5,1
505,6,0
505,7,0
505,8,0
505,9,1
505,10,0
505,11,0
505,12,1
505,13,0
505,14,0
506,1,1
506,2,1
506,3,1
506,4,0
506,5,1
506,6,0
506,7,0
506,8,0
506,9,0
506,10,0
506,11,0
506,12,0
506,13,0
506,14,0
507,1,0
507,2,1
507,3,0
507,4,0
507,5,0
507,6,0
507,7,0
507,8,0
507,9,0
507,10,0
507,11,0
507,12,0
507,13,0
507,14,0
508,1,0
508,2,0
508,3,1
508,4,0
508,5,1
508,6,0
508,7,1
508,8,0
508,9,0
508,10,1
508,11,0
508,12,0
508,13,0
508,14,0
509,1,0
509,2,1
509,3,0
509,4,1
509,5,0
509,6,0
509,7,0
509,8,0
509,9,1
509,10,0
509,11,1
509,12,0
509,13,0
509,14,1
510,1,0
510,2,0
510,3,0
510,4,0
510,5,0
510,6,0
510,7,1
510,8,0
510,9,0
510,10,0
510,11,1
510,12,0
510,13,1
510,14,0
511,1,0
511,2,1
511,3,1
511,4,0
511,5,0
511,6,0
511,7,0
511,8,0
511,9,0
511,10,0
511,11,0
511,12,0
511,13,1
511,14,0
512,1,0
512,2,0
512,3,0
512,4,0
512,5,1
512,6,0
512,7,1
512,8,0
512,9,0
512,10,0
512,11,0
512,12,0
512,13,0
512,14,1
513,1,0
513,2,0
513,3,1
513,4,0
513,5,0
513,6,0
513,7,0
513,8,0
513,9,1
513,10,0
513,11,1
513,12,0
513,13,0
513,14,1
514,1,0
514,2,1
514,3,0
514,4,1
514,5,0
514,6,0
514,7,0
514,8,0
514,9,0
514,10,1
514,11,0
514,12,0
514,13,0
514,14,0
515,1,1
515,2,0
515,3,1
515,4,0
515,5,0
515,6,0
515,7,0
515,8,1
515,9,0
515,10,0
515,11,0
515,12,0
515,13,0
515,14,0
516,1,0
516,2,0
516,3,0
516,4,0
516,5,0
516,6,0
516,7,1
516,8,1
516,9,0
516,10,0
516,11,0
516,12,0
516,13,0
516,14,0
517,1,0
517,2,0
517,3,0
517,4,1
517,5,1
517,6,0
517,7,0
517,8,0
517,9,0
517,10,1
517,11,0
517,12,0
517,13,0
517,14,0
518,1,0
518,2,1
518,3,0
518,4,0
518,5,0
518,6,0
518,7,0
518,8,0
518,9,0
518,10,0
518,11,0
518,12,1
518,13,1
518,14,0
519,1,0
519,2,0
519,3,0
519,4,0
519,5,0
519,6,1
519,7,0
519,8,0
519,9,1
519,10,0
519,11,0
519,12,0
519,13,0
519,14,0
520,1,0
520,2,0
520,3,0
520,4,0
520,5,0
520,6,1
520,7,0
520,8,0
520,9,0
520,10,0
520,11,0
520,12,0
520,13,0
520,14,0
521,1,1
521,2,0
521,3,0
521,4,0
521,5,0
521,6,0
521,7,0
521,8,0
521,9,0
521,10,1
521,11,0
521,12,0
521,13,1
521,14,1
522,1,0
522,2,1
522,3,0
522,4,0
522,5,0
522,6,1
522,7,1
522,8,0
522,9,0
522,10,0
522,11,0
522,12,1
522,13,0
522,14,1
523,1,0
523,2,0
523,3,1
523,4,0
523,5,1
523,6,0
523,7,1
523,8,1
523,9,0
523,10,0
523,11,0
523,12,0
523,13,0
523,14,0
524,1,1
524,2,0
524,3,0
524,4,0
524,5,0
524,6,0
524,7,0
524,8,0
524,9,0
524,10,0
524,11,0
524,12,0
524,13,0
524,14,0
525,1,1
525,2,0
525,3,0
525,4,0
525,5,0
525,6,1
525,7,0
525,8,1
525,9,0
525,10,0
525,11,1
525,12,0
525,13,0
525,14,0
526,1,0
526,2,0
526,3,0
526,4,0
526,5,0
526,6,0
526,7,1
526,8,0
526,9,0
526,10,0
526,11,0
526,12,0
526,13,1
526,14,0
527,1,0
527,2,0
527,3,0
527,4,1
527,5,0
527,6,1
527,7,0
527,8,1
527,9,0
527,10,0
527,11,1
527,12,0
527,13,0
527,14,0
528,1,1
528,2,0
528,3,0
528,4,0
528,5,0
528,6,1
528,7,1
528,8,0
528,9,0
528,10,0
528,11,0
528,12,0
528,13,0
528,14,1
529,1,0
529,2,0
529,3,1
529,4,0
529,5,0
529,6,0
529,7,0
529,8,0
529,9,1
529,10,0
529,11,0
529,12,0
529,13,0
529,14,0
530,1,0
530,2,0
530,3,0
530,4,0
530,5,0
530,6,0
530,7,0
530,8,0
530,9,0
530,10,0
530,11,1
530,12,1
530,13,0
530,14,0
531,1,0
531,2,0
531,3,0
531,4,1
531,5,1
531,6,0
531,7,0
531,8,0
531,9,1
531,10,0
531,11,0
531,12,1
531,13,0
531,14,1
532,1,0
532,2,1
532,3,0
532,4,0
532,5,0
532,6,0
532,7,0
532,8,0
532,9,0
532,10,0
532,11,0
532,12,0
532,13,0
532,14,0
533,1,0
533,2,1
533,3,1
533,4,1
533,5,0
533,6,0
533,7,0
533,8,0
533,9,1
533,10,1
533,11,0
533,12,0
533,13,0
533,14,0
534,1,0
534,2,0
534,3,0
534,4,1
534,5,0
534,6,0
534,7,0
534,8,1
534,9,0
534,10,0
534,11,0
534,12,0
534,13,0
534,14,0
535,1,0
535,2,1
535,3,0
535,4,0
535,5,0
535,6,0
535,7,1
535,8,0
535,9,0
535,10,0
535,11,0
535,12,1
535,13,0
535,14,0
536,1,0
536,2,0
536,3,0
536,4,0
536,5,0
536,6,0
536,7,0
536,8,1
536,9,0
536,10,0
536,11,0
536,12,0
536,13,0
536,14,0
537,1,0
537,2,0
537,3,0
537,4,0
537,5,0
537,6,0
537,7,1
537,8,0
537,9,0
537,10,1
537,11,0
537,12,1
537,13,0
537,14,0
538,1,0
538,2,0
538,3,1
538,4,0
538,5,0
538,6,0
538,7,0
538,8,1
538,9,1
538,10,0
538,11,0
538,12,0
538,13,0
538,14,0
539,1,0
539,2,0
539,3,0
539,4,1
539,5,0
539,6,0
539,7,0
539,8,0
539,9,1
539,10,0
539,11,0
539,12,0
539,13,1
539,14,0
540,1,1
540,2,1
540,3,1
540,4,0
540,5,0
540,6,0
540,7,1
540,8,1
540,9,0
540,10,1
540,11,0
540,12,0
540,13,0
540,14,0
541,1,0
541,2,1
541,3,0
541,4,0
541,5,0
541,6,0
541,7,0
541,8,0
541,9,0
541,10,1
541,11,0
541,12,0
541,13,1
541,14,0
542,1,0
542,2,0
542,3,0
542,4,0
542,5,0
542,6,0
542,7,0
542,8,0
542,9,0
542,10,0
542,11,0
542,12,0
542,13,0
542,14,0
543,1,0
543,2,0
543,3,0
543,4,0
543,5,0
543,6,0
543,7,0
543,8,1
543,9,1
543,10,0
543,11,0
543,12,0
543,13,0
543,14,0
544,1,0
544,2,0
544,3,0
544,4,0
544,5,0
544,6,0
544,7,1
544,8,0
544,9,0
544,10,0
544,11,0
544,12,0
544,13,1
544,14,0
545,1,1
545,2,0
545,3,0
545,4,0
545,5,0
545,6,0
545,7,0
545,8,0
545,9,0
545,10,0
545,11,0
545,12,1
545,13,1
545,14,1
546,1,0
546,2,1
546,3,1
546,4,0
546,5,0
546,6,1
546,7,0
546,8,0
546,9,0
546,10,0
546,11,0
546,12,0
546,13,0
546,14,0
547,1,0
547,2,0
547,3,0
547,4,1
547,5,0
547,6,0
547,7,1
547,8,0
547,9,0
547,10,0
547,11,0
547,12,0
547,13,0
547,14,1
548,1,0
548,2,0
548,3,0
548,4,0
548,5,0
548,6,0
548,7,0
548,8,0
548,9,1
548,10,0
548,11,0
548,12,0
548,13,0
548,14,1
549,1,0
549,2,0
549,3,0
549,4,0
549,5,1
549,6,0
549,7,0
549,8,0
549,9,1
549,10,0
549,11,0
549,12,0
549,13,0
549,14,1
550,1,1
550,2,0
550,3,0
550,4,0
550,5,0
550,6,0
550,7,1
550,8,0
550,9,1
550,10,0
550,11,0
550,12,1
550,13,0
550,14,0
551,1,0
551,2,0
551,3,1
551,4,0
551,5,0
551,6,0
551,7,0
551,8,0
551,9,1
551,10,0
551,11,1
551,12,0
551,13,0
551,14,0
552,1,0
552,2,0
552,3,0
552,4,0
552,5,1
552,6,1
552,7,0
552,8,0
552,9,0
552,10,0
552,11,0
552,12,1
552,13,0
552,14,0
553,1,1
553,2,0
553,3,0
553,4,0
553,5,0
553,6,0
553,7,0
553,8,0
553,9,0
553,10,0
553,11,0
553,12,0
553,13,1
553,14,0
554,1,0
554,2,0
554,3,0
554,4,0
554,5,0
554,6,1
554,7,0
554,8,0
554,9,0
554,10,0
554,11,1
554,12,0
554,13,0
554,14,0
555,1,1
555,2,0
555,3,1
555,4,0
555,5,0
555,6,0
555,7,0
555,8,0
555,9,0
555,10,0
555,11,1
555,12,0
555,13,0
555,14,0
556,1,0
556,2,0
556,3,0
556,4,0
556,5,0
556,6,0
556,7,0
556,8,0
556,9,0
556,10,0
556,11,0
556,12,1
556,13,0
556,14,0
557,1,0
557,2,0
557,3,0
557,4,0
557,5,0
557,6,0
557,7,0
557,8,0
557,9,0
557,10,0
557,11,0
557,12,0
557,13,1
557,14,0
558,1,0
558,2,0
558,3,0
558,4,0
558,5,0
558,6,0
558,7,0
558,8,0
558,9,0
558,10,0
558,11,0
558,12,0
558,13,0
558,14,0
559,1,1
559,2,0
559,3,1
559,4,0
559,5,0
559,6,1
559,7,0
559,8,0
559,9,0
559,10,0
559,11,0
559,12,0
559,13,0
559,14,0
560,1,0
560,2,0
560,3,0
560,4,0
560,5,0
560,6,0
560,7,0
560,8,0
560,9,0
560,10,0
560,11,0
560,12,0
560,13,0
560,14,0
561,1,0
561,2,0
561,3,0
561,4,0
561,5,1
561,6,0
561,7,1
561,8,0
561,9,0
561,10,1
561,11,0
561,12,0
561,13,0
561,14,0
562,1,0
562,2,0
562,3,0
562,4,0
562,5,0
562,6,0
562,7,0
562,8,0
562,9,1
562,10,0
562,11,0
562,12,0
562,13,0
562,14,0
563,1,0
563,2,0
563,3,1
563,4,0
563,5,0
563,6,0
563,7,0
563,8,1
563,9,1
563,10,0
563,11,0
563,12,0
563,13,0
563,14,0
564,1,1
564,2,0
564,3,0
564,4,0
564,5,1
564,6,0
564,7,0
564,8,1
564,9,0
564,10,0
564,11,0
564,12,0
564,13,1
564,14,0
565,1,0
565,2,0
565,3,1
565,4,0
565,5,1
565,6,0
565,7,0
565,8,0
565,9,0
565,10,1
565,11,1
565,12,0
565,13,0
565,14,1
566,1,0
566,2,0
566,3,0
566,4,0
566,5,0
566,6,0
566,7,0
566,8,0
566,9,1
566,10,0
566,11,0
566,12,0
566,13,1
566,14,0
567,1,1
567,2,0
567,3,0
567,4,0
567,5,1
567,6,0
567,7,0
567,8,1
567,9,0
567,10,0
567,11,0
567,12,0
567,13,0
567,14,0
568,1,0
568,2,0
568,3,0
568,4,0
568,5,0
568,6,0
568,7,0
568,8,0
568,9,0
568,10,1
568,11,0
568,12,1
568,13,0
568,14,0
569,1,0
569,2,0
569,3,1
569,4,0
569,5,1
569,6,0
569,7,0
569,8,0
569,9,1
569,10,0
569,11,1
569,12,1
569,13,1
569,14,1
570,1,0
570,2,0
570,3,0
570,4,0
570,5,0
570,6,0
570,7,0
570,8,0
570,9,0
570,10,0
570,11,0
570,12,0
570,13,1
570,14,0
571,1,0
571,2,0
571,3,0
571,4,0
571,5,0
571,6,1
571,7,0
571,8,0
571,9,0
571,10,1
571,11,0
571,12,0
571,13,0
571,14,0
572,1,0
572,2,0
572,3,0
572,4,0
572,5,0
572,6,0
572,7,0
572,8,0
572,9,0
572,10,0
572,11,0
572,12,0
572,13,0
572,14,0
573,1,0
573,2,1
573,3,0
573,4,0
573,5,0
573,6,0
573,7,1
573,8,0
573,9,0
573,10,0
573,11,0
573,12,0
573,13,0
573,14,0
574,1,0
574,2,0
574,3,0
574,4,1
574,5,0
574,6,1
574,7,0
574,8,0
574,9,1
574,10,0
574,11,1
574,12,1
574,13,0
574,14,1
575,1,0
575,2,0
575,3,1
575,4,0
575,5,1
575,6,0
575,7,1
575,8,0
575,9,0
575,10,1
575,11,0
575,12,1
575,13,0
575,14,0
576,1,0
576,2,1
576,3,0
576,4,0
576,5,0
576,6,1
576,7,0
576,8,1
576,9,0
576,10,0
576,11,0
576,12,0
576,13,0
576,14,1
577,1,0
577,2,0
577,3,0
577,4,0
577,5,0
577,6,0
577,7,1
577,8,0
577,9,0
577,10,0
577,11,0
577,12,0
577,13,0
577,14,1
578,1,0
578,2,0
578,3,0
578,4,0
578,5,0
578,6,0
578,7,1
578,8,0
578,9,1
578,10,0
578,11,0
578,12,1
578,13,0
578,14,0
579,1,0
579,2,1
579,3,0
579,4,0
579,5,0
579,6,0
579,7,0
579,8,0
579,9,0
579,10,0
579,11,0
579,12,0
579,13,1
579,14,1
580,1,0
580,2,0
580,3,0
580,4,0
580,5,0
580,6,0
580,7,0
580,8,0
580,9,0
580,10,1
580,11,0
580,12,1
580,13,0
580,14,0
581,1,0
581,2,0
581,3,0
581,4,0
581,5,0
581,6,0
581,7,0
581,8,1
581,9,1
581,10,0
581,11,0
581,12,0
581,13,0
581,14,0
582,1,1
582,2,1
582,3,0
582,4,0
582,5,0
582,6,0
582,7,0
582,8,0
582,9,1
582,10,0
582,11,0
582,12,0
582,13,0
582,14,0
583,1,1
583,2,0
583,3,1
583,4,0
583,5,1
583,6,0
583,7,0
583,8,0
583,9,0
583,10,1
583,11,0
583,12,0
583,13,0
583,14,0
584,1,0
584,2,1
584,3,0
584,4,1
584,5,0
584,6,1
584,7,0
584,8,0
584,9,0
584,10,0
584,11,0
584,12,0
584,13,0
584,14,0
585,1,0
585,2,0
585,3,0
585,4,0
585,5,0
585,6,1
585,7,0
585,8,0
585,9,0
585,10,1
585,11,0
585,12,0
585,13,1
585,14,1
586,1,0
586,2,0
586,3,0
586,4,0
586,5,0
586,6,0
586,7,0
586,8,0
586,9,0
586,10,0
586,11,0
586,12,0
586,13,0
586,14,1
587,1,1
587,2,0
587,3,0
587,4,0
587,5,0
587,6,0
587,7,0
587,8,0
587,9,0
587,10,0
587,11,0
587,12,0
587,13,0
587,14,0
588,1,0
588,2,0
588,3,0
588,4,0
588,5,0
588,6,0
588,7,1
588,8,0
588,9,1
588,10,0
588,11,0
588,12,0
588,13,0
588,14,0
589,1,0
589,2,0
589,3,1
589,4,0
589,5,0
589,6,0
589,7,1
589,8,0
589,9,0
589,10,0
589,11,1
589,12,0
589,13,1
589,14,0
590,1,0
590,2,0
590,3,0
590,4,0
590,5,0
590,6,0
590,7,0
590,8,0
590,9,0
590,10,0
590,11,0
590,12,0
590,13,0
590,14,0
591,1,0
591,2,0
591,3,0
591,4,0
591,5,0
591,6,0
591,7,0
591,8,0
591,9,0
591,10,0
591,11,0
591,12,0
591,13,0
591,14,1
592,1,0
592,2,0
592,3,0
592,4,0
592,5,1
592,6,0
592,7,0
592,8,0
592,9,0
592,10,1
592,11,0
592,12,0
592,13,1
592,14,0
593,1,0
593,2,0
593,3,0
593,4,1
593,5,0
593,6,0
593,7,0
593,8,1
593,9,0
593,10,1
593,11,0
593,12,0
593,13,0
593,14,1
594,1,0
594,2,0
594,3,0
594,4,0
594,5,0
594,6,0
594,7,1
594,8,0
594,9,0
594,10,0
594,11,0
594,12,0
594,13,1
594,14,0
595,1,0
595,2,0
595,3,0
595,4,0
595,5,0
595,6,1
595,7,0
595,8,0
595,9,0
595,10,0
595,11,1
595,12,0
595,13,0
595,14,0
596,1,0
596,2,0
596,3,0
596,4,0
596,5,0
596,6,0
596,7,0
596,8,0
596,9,0
596,10,1
596,11,0
596,12,1
596,13,1
596,14,0
597,1,0
597,2,1
597,3,0
597,4,0
597,5,0
597,6,1
597,7,0
597,8,0
597,9,0
597,10,1
597,11,0
597,12,0
597,13,0
597,14,1
598,1,0
598,2,0
598,3,0
598,4,0
598,5,0
598,6,0
598,7,0
598,8,0
598,9,0
598,10,0
598,11,0
598,12,0
598,13,1
598,14,1
599,1,0
599,2,0
599,3,0
599,4,0
599,5,0
599,6,0
599,7,0
599,8,0
599,9,0
599,10,0
599,11,0
599,12,0
599,13,0
599,14,0
600,1,0
600,2,0
600,3,1
600,4,0
600,5,0
600,6,0
600,7,0
600,8,0
600,9,0
600,10,1
600,11,1
600,12,0
600,13,0
600,14,0
