user_id,day,purchase
1,1,6
1,2,17
1,3,45
1,4,57
1,5,69
1,6,69
1,7,74
1,8,79
1,9,82
1,10,89
1,11,89
1,12,90
1,13,95
1,14,98
2,1,11
2,2,14
2,3,24
2,4,39
2,5,40
2,6,42
2,7,42
2,8,44
2,9,50
2,10,65
2,11,77
2,12,94
2,13,96
2,14,97
3,1,3
3,2,3
3,3,10
3,4,18
3,5,36
3,6,54
3,7,59
3,8,62
3,9,73
3,10,80
3,11,84
3,12,86
3,13,98
3,14,100
4,1,10
4,2,22
4,3,33
4,4,33
4,5,35
4,6,39
4,7,57
4,8,65
4,9,69
4,10,71
4,11,74
4,12,78
4,13,82
4,14,93
5,1,1
5,2,8
5,3,9
5,4,11
5,5,11
5,6,16
5,7,20
5,8,38
5,9,49
5,10,50
5,11,56
5,12,65
5,13,93
5,14,95
6,1,1
6,2,2
6,3,7
6,4,10
6,5,15
6,6,27
6,7,35
6,8,40
6,9,41
6,10,49
6,11,62
6,12,63
6,13,72
6,14,97
7,1,7
7,2,9
7,3,10
7,4,13
7,5,20
7,6,25
7,7,59
7,8,60
7,9,61
7,10,66
7,11,84
7,12,84
7,13,85
7,14,96
8,1,1
8,2,13
8,3,21
8,4,28
8,5,42
8,6,51
8,7,59
8,8,74
8,9,74
8,10,82
8,11,88
8,12,93
8,13,97
8,14,99
9,1,22
9,2,34
9,3,42
9,4,46
9,5,54
9,6,57
9,7,63
9,8,68
9,9,74
9,10,75
9,11,76
9,12,79
9,13,90
9,14,100
10,1,1
10,2,12
10,3,20
10,4,23
10,5,31
10,6,44
10,7,51
10,8,59
10,9,66
10,10,66
10,11,66
10,12,67
10,13,70
10,14,87
11,1,5
11,2,9
11,3,10
11,4,14
11,5,35
11,6,36
11,7,50
11,8,62
11,9,67
11,10,68
11,11,70
11,12,73
11,13,77
11,14,85
12,1,11
12,2,18
12,3,26
12,4,29
12,5,46
12,6,53
12,7,63
12,8,68
12,9,74
12,10,81
12,11,82
12,12,94
12,13,95
12,14,97
13,1,17
13,2,36
13,3,37
13,4,39
13,5,41
13,6,44
13,7,61
13,8,68
13,9,70
13,10,83
13,11,94
13,12,94
13,13,96
13,14,96
14,1,1
14,2,19
14,3,29
14,4,32
14,5,48
14,6,73
14,7,78
14,8,80
14,9,82
14,10,82
14,11,85
14,12,87
14,13,89
14,14,95
15,1,2
15,2,9
15,3,10
15,4,18
15,5,22
15,6,31
15,7,38
15,8,40
15,9,43
15,10,48
15,11,70
15,12,87
15,13,87
15,14,91
16,1,10
16,2,20
16,3,25
16,4,26
16,5,26
16,6,35
16,7,37
16,8,40
16,9,69
16,10,81
16,11,81
16,12,84
16,13,84
16,14,86
17,1,8
17,2,12
17,3,13
17,4,14
17,5,22
17,6,35
17,7,44
17,8,69
17,9,76
17,10,81
17,11,84
17,12,91
17,13,94
17,14,100
18,1,2
18,2,3
18,3,4
18,4,10
18,5,28
18,6,33
18,7,44
18,8,52
18,9,72
18,10,73
18,11,77
18,12,87
18,13,90
18,14,92
19,1,7
19,2,14
19,3,17
19,4,20
19,5,25
19,6,43
19,7,44
19,8,54
19,9,70
19,10,78
19,11,83
19,12,85
19,13,97
19,14,100
20,1,4
20,2,20
20,3,30
20,4,33
20,5,37
20,6,50
20,7,51
20,8,66
20,9,66
20,10,67
20,11,77
20,12,78
20,13,83
20,14,98
21,1,9
21,2,14
21,3,15
21,4,17
21,5,31
21,6,35
21,7,36
21,8,54
21,9,62
21,10,76
21,11,83
21,12,89
21,13,92
21,14,96
22,1,6
22,2,13
22,3,28
22,4,37
22,5,58
22,6,62
22,7,63
22,8,67
22,9,68
22,10,76
22,11,79
22,12,91
22,13,96
22,14,100
23,1,13
23,2,15
23,3,18
23,4,29
23,5,40
23,6,53
23,7,67
23,8,69
23,9,77
23,10,79
23,11,87
23,12,87
23,13,89
23,14,93
24,1,6
24,2,7
24,3,19
24,4,24
24,5,24
24,6,39
24,7,50
24,8,51
24,9,55
24,10,58
24,11,71
24,12,72
24,13,81
24,14,92
25,1,19
25,2,22
25,3,33
25,4,46
25,5,47
25,6,48
25,7,49
25,8,49
25,9,59
25,10,88
25,11,89
25,12,95
25,13,98
25,14,99
26,1,2
26,2,2
26,3,28
26,4,41
26,5,41
26,6,42
26,7,53
26,8,67
26,9,68
26,10,71
26,11,71
26,12,87
26,13,92
26,14,100
27,1,5
27,2,7
27,3,11
27,4,31
27,5,33
27,6,36
27,7,42
27,8,44
27,9,44
27,10,47
27,11,65
27,12,74
27,13,83
27,14,86
28,1,1
28,2,23
28,3,43
28,4,57
28,5,62
28,6,64
28,7,68
28,8,68
28,9,71
28,10,84
28,11,92
28,12,95
28,13,96
28,14,99
29,1,12
29,2,13
29,3,13
29,4,21
29,5,31
29,6,34
29,7,35
29,8,39
29,9,44
29,10,86
29,11,88
29,12,96
29,13,97
29,14,99
30,1,7
30,2,12
30,3,15
30,4,23
30,5,38
30,6,41
30,7,41
30,8,44
30,9,47
30,10,50
30,11,74
30,12,76
30,13,96
30,14,100
31,1,4
31,2,10
31,3,16
31,4,28
31,5,30
31,6,44
31,7,49
31,8,52
31,9,57
31,10,66
31,11,69
31,12,80
31,13,87
31,14,99
32,1,2
32,2,9
32,3,44
32,4,49
32,5,53
32,6,53
32,7,54
32,8,57
32,9,63
32,10,68
32,11,71
32,12,77
32,13,82
32,14,94
33,1,8
33,2,21
33,3,22
33,4,35
33,5,36
33,6,46
33,7,47
33,8,64
33,9,64
33,10,73
33,11,75
33,12,94
33,13,95
33,14,97
34,1,6
34,2,8
34,3,10
34,4,14
34,5,17
34,6,18
34,7,20
34,8,31
34,9,36
34,10,42
34,11,44
34,12,61
34,13,74
34,14,85
35,1,8
35,2,12
35,3,13
35,4,22
35,5,23
35,6,42
35,7,42
35,8,47
35,9,49
35,10,53
35,11,63
35,12,72
35,13,78
35,14,91
36,1,13
36,2,26
36,3,31
36,4,46
36,5,67
36,6,68
36,7,72
36,8,72
36,9,76
36,10,78
36,11,82
36,12,90
36,13,98
36,14,99
37,1,13
37,2,22
37,3,31
37,4,32
37,5,38
37,6,41
37,7,44
37,8,47
37,9,64
37,10,65
37,11,65
37,12,68
37,13,82
37,14,90
38,1,1
38,2,3
38,3,6
38,4,21
38,5,23
38,6,23
38,7,26
38,8,27
38,9,32
38,10,33
38,11,51
38,12,73
38,13,89
38,14,93
39,1,11
39,2,13
39,3,19
39,4,22
39,5,30
39,6,37
39,7,72
39,8,74
39,9,74
39,10,77
39,11,87
39,12,90
39,13,95
39,14,100
40,1,9
40,2,15
40,3,17
40,4,20
40,5,27
40,6,30
40,7,39
40,8,51
40,9,55
40,10,64
40,11,70
40,12,73
40,13,77
40,14,94
41,1,4
41,2,5
41,3,5
41,4,5
41,5,5
41,6,11
41,7,17
41,8,24
41,9,37
41,10,46
41,11,56
41,12,71
41,13,93
41,14,96
42,1,17
42,2,24
42,3,25
42,4,30
42,5,34
42,6,46
42,7,46
42,8,53
42,9,53
42,10,57
42,11,60
42,12,71
42,13,84
42,14,86
43,1,4
43,2,8
43,3,28
43,4,34
43,5,44
43,6,47
43,7,56
43,8,58
43,9,65
43,10,72
43,11,76
43,12,79
43,13,80
43,14,87
44,1,3
44,2,10
44,3,19
44,4,22
44,5,24
44,6,28
44,7,30
44,8,37
44,9,38
44,10,38
44,11,57
44,12,61
44,13,79
44,14,87
45,1,2
45,2,7
45,3,12
45,4,13
45,5,17
45,6,18
45,7,23
45,8,46
45,9,58
45,10,72
45,11,77
45,12,78
45,13,83
45,14,86
46,1,3
46,2,9
46,3,15
46,4,16
46,5,22
46,6,28
46,7,32
46,8,36
46,9,52
46,10,54
46,11,56
46,12,57
46,13,68
46,14,68
47,1,7
47,2,20
47,3,21
47,4,24
47,5,36
47,6,47
47,7,56
47,8,59
47,9,61
47,10,65
47,11,81
47,12,81
47,13,90
47,14,92
48,1,1
48,2,14
48,3,18
48,4,24
48,5,27
48,6,37
48,7,40
48,8,42
48,9,67
48,10,76
48,11,78
48,12,84
48,13,86
48,14,98
49,1,16
49,2,17
49,3,17
49,4,22
49,5,27
49,6,42
49,7,43
49,8,55
49,9,60
49,10,62
49,11,65
49,12,66
49,13,68
49,14,77
50,1,2
50,2,16
50,3,37
50,4,44
50,5,44
50,6,48
50,7,59
50,8,62
50,9,68
50,10,78
50,11,81
50,12,90
50,13,94
50,14,95
51,1,4
51,2,5
51,3,27
51,4,38
51,5,41
51,6,58
51,7,59
51,8,65
51,9,67
51,10,73
51,11,78
51,12,81
51,13,84
51,14,99
52,1,4
52,2,4
52,3,14
52,4,17
52,5,23
52,6,41
52,7,48
52,8,57
52,9,68
52,10,83
52,11,88
52,12,89
52,13,91
52,14,93
53,1,2
53,2,8
53,3,34
53,4,48
53,5,49
53,6,50
53,7,56
53,8,59
53,9,70
53,10,79
53,11,83
53,12,87
53,13,91
53,14,98
54,1,2
54,2,13
54,3,14
54,4,16
54,5,18
54,6,28
54,7,30
54,8,33
54,9,39
54,10,39
54,11,43
54,12,43
54,13,45
54,14,97
55,1,9
55,2,18
55,3,32
55,4,34
55,5,34
55,6,36
55,7,40
55,8,41
55,9,42
55,10,42
55,11,51
55,12,60
55,13,67
55,14,83
56,1,1
56,2,4
56,3,19
56,4,23
56,5,32
56,6,39
56,7,47
56,8,48
56,9,53
56,10,55
56,11,66
56,12,67
56,13,73
56,14,75
57,1,1
57,2,9
57,3,26
57,4,27
57,5,38
57,6,44
57,7,45
57,8,47
57,9,66
57,10,72
57,11,74
57,12,78
57,13,94
57,14,99
58,1,1
58,2,11
58,3,13
58,4,17
58,5,19
58,6,24
58,7,29
58,8,36
58,9,36
58,10,47
58,11,50
58,12,64
58,13,84
58,14,97
59,1,3
59,2,7
59,3,20
59,4,42
59,5,47
59,6,49
59,7,51
59,8,59
59,9,61
59,10,66
59,11,75
59,12,75
59,13,78
59,14,96
60,1,9
60,2,11
60,3,20
60,4,25
60,5,34
60,6,35
60,7,45
60,8,48
60,9,65
60,10,71
60,11,76
60,12,94
60,13,97
60,14,98
61,1,3
61,2,4
61,3,17
61,4,28
61,5,49
61,6,49
61,7,58
61,8,58
61,9,66
61,10,75
61,11,77
61,12,78
61,13,81
61,14,99
62,1,6
62,2,8
62,3,22
62,4,25
62,5,26
62,6,30
62,7,32
62,8,44
62,9,46
62,10,67
62,11,69
62,12,80
62,13,84
62,14,97
63,1,10
63,2,12
63,3,17
63,4,23
63,5,28
63,6,43
63,7,44
63,8,51
63,9,53
63,10,65
63,11,77
63,12,80
63,13,91
63,14,91
64,1,9
64,2,25
64,3,26
64,4,39
64,5,53
64,6,60
64,7,70
64,8,70
64,9,81
64,10,84
64,11,84
64,12,94
64,13,96
64,14,97
65,1,1
65,2,7
65,3,15
65,4,32
65,5,34
65,6,45
65,7,47
65,8,49
65,9,65
65,10,69
65,11,76
65,12,77
65,13,81
65,14,99
66,1,22
66,2,38
66,3,50
66,4,51
66,5,51
66,6,56
66,7,65
66,8,75
66,9,76
66,10,78
66,11,79
66,12,90
66,13,91
66,14,94
67,1,5
67,2,8
67,3,10
67,4,16
67,5,18
67,6,26
67,7,43
67,8,47
67,9,49
67,10,62
67,11,73
67,12,86
67,13,88
67,14,98
68,1,19
68,2,29
68,3,38
68,4,40
68,5,41
68,6,50
68,7,52
68,8,57
68,9,59
68,10,60
68,11,65
68,12,72
68,13,87
68,14,93
69,1,3
69,2,10
69,3,13
69,4,17
69,5,31
69,6,35
69,7,43
69,8,49
69,9,56
69,10,62
69,11,63
69,12,66
69,13,77
69,14,95
70,1,20
70,2,25
70,3,27
70,4,36
70,5,44
70,6,46
70,7,46
70,8,49
70,9,52
70,10,65
70,11,75
70,12,75
70,13,76
70,14,98
71,1,7
71,2,27
71,3,33
71,4,36
71,5,40
71,6,41
71,7,51
71,8,52
71,9,66
71,10,72
71,11,75
71,12,75
71,13,83
71,14,97
72,1,6
72,2,34
72,3,38
72,4,40
72,5,44
72,6,49
72,7,60
72,8,62
72,9,71
72,10,72
72,11,73
72,12,80
72,13,86
72,14,95
73,1,11
73,2,15
73,3,23
73,4,27
73,5,36
73,6,48
73,7,64
73,8,66
73,9,67
73,10,74
73,11,74
73,12,90
73,13,94
73,14,96
74,1,13
74,2,15
74,3,21
74,4,22
74,5,23
74,6,27
74,7,37
74,8,61
74,9,71
74,10,76
74,11,83
74,12,87
74,13,95
74,14,98
75,1,16
75,2,22
75,3,36
75,4,42
75,5,46
75,6,53
75,7,55
75,8,60
75,9,64
75,10,73
75,11,73
75,12,79
75,13,83
75,14,98
76,1,5
76,2,6
76,3,14
76,4,35
76,5,37
76,6,53
76,7,53
76,8,56
76,9,64
76,10,80
76,11,89
76,12,94
76,13,97
76,14,99
77,1,3
77,2,18
77,3,26
77,4,28
77,5,28
77,6,29
77,7,56
77,8,63
77,9,68
77,10,69
77,11,72
77,12,78
77,13,83
77,14,96
78,1,7
78,2,20
78,3,23
78,4,28
78,5,39
78,6,45
78,7,46
78,8,57
78,9,60
78,10,61
78,11,66
78,12,76
78,13,81
78,14,97
79,1,11
79,2,23
79,3,29
79,4,38
79,5,38
79,6,39
79,7,49
79,8,54
79,9,59
79,10,71
79,11,73
79,12,73
79,13,82
79,14,89
80,1,11
80,2,15
80,3,25
80,4,30
80,5,31
80,6,37
80,7,42
80,8,43
80,9,63
80,10,67
80,11,73
80,12,78
80,13,79
80,14,95
81,1,15
81,2,21
81,3,26
81,4,32
81,5,35
81,6,36
81,7,39
81,8,43
81,9,51
81,10,56
81,11,79
81,12,82
81,13,86
81,14,92
82,1,12
82,2,18
82,3,20
82,4,30
82,5,32
82,6,37
82,7,41
82,8,47
82,9,66
82,10,72
82,11,76
82,12,79
82,13,86
82,14,88
83,1,5
83,2,12
83,3,15
83,4,17
83,5,31
83,6,35
83,7,37
83,8,49
83,9,75
83,10,79
83,11,80
83,12,85
83,13,90
83,14,99
84,1,10
84,2,16
84,3,33
84,4,34
84,5,37
84,6,37
84,7,39
84,8,39
84,9,42
84,10,60
84,11,62
84,12,71
84,13,74
84,14,87
85,1,1
85,2,1
85,3,14
85,4,18
85,5,22
85,6,22
85,7,23
85,8,43
85,9,46
85,10,47
85,11,56
85,12,61
85,13,72
85,14,87
86,1,14
86,2,18
86,3,21
86,4,30
86,5,42
86,6,47
86,7,55
86,8,56
86,9,61
86,10,63
86,11,67
86,12,81
86,13,85
86,14,90
87,1,4
87,2,6
87,3,8
87,4,15
87,5,27
87,6,32
87,7,36
87,8,50
87,9,60
87,10,62
87,11,65
87,12,73
87,13,77
87,14,91
88,1,3
88,2,9
88,3,17
88,4,26
88,5,33
88,6,37
88,7,46
88,8,52
88,9,58
88,10,60
88,11,63
88,12,64
88,13,97
88,14,99
89,1,3
89,2,5
89,3,28
89,4,45
89,5,57
89,6,60
89,7,65
89,8,72
89,9,81
89,10,82
89,11,83
89,12,89
89,13,89
89,14,98
90,1,3
90,2,6
90,3,8
90,4,16
90,5,19
90,6,30
90,7,36
90,8,39
90,9,44
90,10,45
90,11,48
90,12,72
90,13,85
90,14,89
91,1,3
91,2,4
91,3,26
91,4,28
91,5,29
91,6,56
91,7,65
91,8,68
91,9,72
91,10,76
91,11,76
91,12,86
91,13,87
91,14,88
92,1,6
92,2,8
92,3,39
92,4,41
92,5,51
92,6,52
92,7,56
92,8,56
92,9,58
92,10,80
92,11,82
92,12,86
92,13,96
92,14,98
93,1,1
93,2,2
93,3,4
93,4,4
93,5,24
93,6,50
93,7,53
93,8,68
93,9,74
93,10,81
93,11,87
93,12,94
93,13,96
93,14,99
94,1,3
94,2,20
94,3,22
94,4,23
94,5,29
94,6,30
94,7,41
94,8,52
94,9,53
94,10,65
94,11,73
94,12,79
94,13,89
94,14,97
95,1,9
95,2,26
95,3,33
95,4,38
95,5,40
95,6,41
95,7,42
95,8,51
95,9,54
95,10,55
95,11,71
95,12,74
95,13,75
95,14,84
96,1,11
96,2,14
96,3,22
96,4,31
96,5,37
96,6,45
96,7,47
96,8,56
96,9,78
96,10,81
96,11,83
96,12,84
96,13,89
96,14,90
97,1,6
97,2,7
97,3,32
97,4,33
97,5,33
97,6,44
97,7,59
97,8,61
97,9,61
97,10,61
97,11,72
97,12,84
97,13,90
97,14,96
98,1,5
98,2,6
98,3,11
98,4,18
98,5,22
98,6,35
98,7,45
98,8,45
98,9,52
98,10,54
98,11,56
98,12,86
98,13,91
98,14,94
99,1,2
99,2,9
99,3,23
99,4,23
99,5,28
99,6,42
99,7,44
99,8,57
99,9,57
99,10,62
99,11,65
99,12,65
99,13,74
99,14,90
100,1,8
100,2,17
100,3,22
100,4,36
100,5,49
100,6,55
100,7,55
100,8,57
100,9,63
100,10,64
100,11,68
100,12,69
100,13,70
100,14,85
101,1,31
101,2,31
101,3,37
101,4,48
101,5,48
101,6,54
101,7,62
101,8,62
101,9,70
101,10,75
101,11,78
101,12,85
101,13,87
101,14,90
102,1,1
102,2,8
102,3,13
102,4,24
102,5,32
102,6,37
102,7,37
102,8,43
102,9,67
102,10,88
102,11,92
102,12,93
102,13,96
102,14,99
103,1,11
103,2,17
103,3,17
103,4,22
103,5,22
103,6,26
103,7,37
103,8,42
103,9,48
103,10,56
103,11,63
103,12,63
103,13,67
103,14,76
104,1,1
104,2,23
104,3,24
104,4,26
104,5,26
104,6,28
104,7,28
104,8,28
104,9,41
104,10,47
104,11,60
104,12,71
104,13,71
104,14,99
105,1,2
105,2,4
105,3,26
105,4,27
105,5,32
105,6,36
105,7,41
105,8,46
105,9,49
105,10,65
105,11,75
105,12,80
105,13,81
105,14,92
106,1,19
106,2,22
106,3,25
106,4,26
106,5,28
106,6,41
106,7,76
106,8,76
106,9,86
106,10,88
106,11,90
106,12,98
106,13,99
106,14,99
107,1,2
107,2,6
107,3,15
107,4,17
107,5,24
107,6,31
107,7,38
107,8,57
107,9,59
107,10,66
107,11,74
107,12,78
107,13,93
107,14,96
108,1,5
108,2,22
108,3,42
108,4,48
108,5,51
108,6,58
108,7,70
108,8,76
108,9,78
108,10,80
108,11,86
108,12,94
108,13,98
108,14,99
109,1,7
109,2,13
109,3,14
109,4,32
109,5,40
109,6,42
109,7,47
109,8,50
109,9,52
109,10,57
109,11,64
109,12,72
109,13,90
109,14,95
110,1,3
110,2,5
110,3,11
110,4,13
110,5,28
110,6,46
110,7,56
110,8,59
110,9,76
110,10,80
110,11,86
110,12,91
110,13,95
110,14,96
111,1,1
111,2,8
111,3,19
111,4,19
111,5,22
111,6,32
111,7,34
111,8,38
111,9,45
111,10,58
111,11,74
111,12,75
111,13,80
111,14,97
112,1,11
112,2,12
112,3,13
112,4,15
112,5,36
112,6,36
112,7,38
112,8,41
112,9,63
112,10,65
112,11,76
112,12,81
112,13,84
112,14,98
113,1,20
113,2,32
113,3,46
113,4,57
113,5,60
113,6,61
113,7,79
113,8,82
113,9,87
113,10,89
113,11,91
113,12,93
113,13,95
113,14,96
114,1,11
114,2,21
114,3,27
114,4,28
114,5,39
114,6,54
114,7,56
114,8,64
114,9,79
114,10,81
114,11,83
114,12,90
114,13,91
114,14,100
115,1,6
115,2,7
115,3,12
115,4,27
115,5,35
115,6,39
115,7,41
115,8,43
115,9,63
115,10,79
115,11,87
115,12,90
115,13,94
115,14,95
116,1,6
116,2,8
116,3,9
116,4,15
116,5,18
116,6,22
116,7,37
116,8,54
116,9,57
116,10,74
116,11,85
116,12,95
116,13,98
116,14,99
117,1,3
117,2,15
117,3,15
117,4,20
117,5,41
117,6,42
117,7,52
117,8,55
117,9,59
117,10,60
117,11,65
117,12,77
117,13,81
117,14,98
118,1,6
118,2,13
118,3,15
118,4,20
118,5,29
118,6,37
118,7,53
118,8,54
118,9,57
118,10,87
118,11,89
118,12,89
118,13,93
118,14,98
119,1,21
119,2,26
119,3,28
119,4,30
119,5,45
119,6,48
119,7,56
119,8,63
119,9,64
119,10,65
119,11,66
119,12,74
119,13,77
119,14,82
120,1,12
120,2,16
120,3,19
120,4,22
120,5,25
120,6,27
120,7,32
120,8,52
120,9,52
120,10,58
120,11,82
120,12,88
120,13,95
120,14,100
121,1,3
121,2,9
121,3,17
121,4,17
121,5,34
121,6,65
121,7,67
121,8,69
121,9,75
121,10,78
121,11,81
121,12,82
121,13,84
121,14,96
122,1,27
122,2,30
122,3,30
122,4,31
122,5,31
122,6,37
122,7,37
122,8,40
122,9,43
122,10,46
122,11,67
122,12,78
122,13,95
122,14,97
123,1,4
123,2,11
123,3,16
123,4,16
123,5,31
123,6,32
123,7,33
123,8,44
123,9,63
123,10,83
123,11,83
123,12,83
123,13,89
123,14,92
124,1,4
124,2,5
124,3,11
124,4,16
124,5,19
124,6,42
124,7,51
124,8,57
124,9,61
124,10,65
124,11,68
124,12,71
124,13,96
124,14,96
125,1,13
125,2,15
125,3,16
125,4,20
125,5,34
125,6,38
125,7,43
125,8,44
125,9,67
125,10,80
125,11,85
125,12,87
125,13,90
125,14,95
126,1,11
126,2,16
126,3,16
126,4,21
126,5,25
126,6,27
126,7,31
126,8,42
126,9,56
126,10,56
126,11,74
126,12,75
126,13,89
126,14,95
127,1,1
127,2,13
127,3,18
127,4,23
127,5,28
127,6,32
127,7,33
127,8,41
127,9,53
127,10,59
127,11,78
127,12,78
127,13,89
127,14,91
128,1,2
128,2,3
128,3,20
128,4,39
128,5,42
128,6,45
128,7,48
128,8,58
128,9,68
128,10,71
128,11,91
128,12,95
128,13,98
128,14,100
129,1,2
129,2,6
129,3,7
129,4,12
129,5,13
129,6,17
129,7,36
129,8,37
129,9,43
129,10,46
129,11,74
129,12,75
129,13,77
129,14,85
130,1,6
130,2,14
130,3,18
130,4,20
130,5,23
130,6,27
130,7,32
130,8,42
130,9,53
130,10,78
130,11,86
130,12,90
130,13,92
130,14,96
131,1,36
131,2,42
131,3,45
131,4,48
131,5,54
131,6,57
131,7,59
131,8,65
131,9,71
131,10,74
131,11,75
131,12,79
131,13,81
131,14,85
132,1,5
132,2,7
132,3,11
132,4,12
132,5,15
132,6,23
132,7,36
132,8,41
132,9,54
132,10,54
132,11,60
132,12,77
132,13,85
132,14,92
133,1,7
133,2,15
133,3,17
133,4,23
133,5,26
133,6,29
133,7,30
133,8,33
133,9,38
133,10,45
133,11,63
133,12,84
133,13,86
133,14,95
134,1,8
134,2,23
134,3,28
134,4,28
134,5,33
134,6,34
134,7,36
134,8,38
134,9,47
134,10,63
134,11,86
134,12,95
134,13,96
134,14,96
135,1,12
135,2,19
135,3,20
135,4,41
135,5,44
135,6,52
135,7,53
135,8,67
135,9,71
135,10,78
135,11,81
135,12,86
135,13,91
135,14,93
136,1,4
136,2,7
136,3,15
136,4,24
136,5,31
136,6,32
136,7,33
136,8,39
136,9,56
136,10,61
136,11,64
136,12,92
136,13,93
136,14,95
137,1,12
137,2,16
137,3,20
137,4,23
137,5,25
137,6,25
137,7,30
137,8,33
137,9,36
137,10,43
137,11,71
137,12,72
137,13,87
137,14,94
138,1,1
138,2,4
138,3,7
138,4,18
138,5,20
138,6,31
138,7,32
138,8,35
138,9,41
138,10,46
138,11,59
138,12,60
138,13,78
138,14,90
139,1,1
139,2,1
139,3,9
139,4,45
139,5,45
139,6,48
139,7,49
139,8,52
139,9,59
139,10,61
139,11,64
139,12,77
139,13,85
139,14,90
140,1,1
140,2,3
140,3,7
140,4,13
140,5,19
140,6,36
140,7,39
140,8,50
140,9,63
140,10,70
140,11,70
140,12,74
140,13,79
140,14,94
141,1,24
141,2,31
141,3,34
141,4,38
141,5,39
141,6,39
141,7,50
141,8,64
141,9,65
141,10,75
141,11,92
141,12,93
141,13,93
141,14,93
142,1,33
142,2,36
142,3,36
142,4,39
142,5,42
142,6,42
142,7,46
142,8,56
142,9,59
142,10,60
142,11,67
142,12,67
142,13,92
142,14,99
143,1,6
143,2,15
143,3,24
143,4,28
143,5,28
143,6,33
143,7,35
143,8,39
143,9,59
143,10,61
143,11,73
143,12,92
143,13,97
143,14,98
144,1,21
144,2,22
144,3,22
144,4,28
144,5,39
144,6,41
144,7,42
144,8,43
144,9,50
144,10,52
144,11,54
144,12,62
144,13,64
144,14,73
145,1,1
145,2,3
145,3,8
145,4,11
145,5,22
145,6,27
145,7,45
145,8,49
145,9,49
145,10,64
145,11,65
145,12,68
145,13,76
145,14,99
146,1,8
146,2,15
146,3,27
146,4,27
146,5,31
146,6,31
146,7,35
146,8,51
146,9,57
146,10,68
146,11,76
146,12,85
146,13,88
146,14,92
147,1,1
147,2,2
147,3,4
147,4,9
147,5,25
147,6,31
147,7,34
147,8,45
147,9,54
147,10,57
147,11,71
147,12,76
147,13,84
147,14,86
148,1,1
148,2,1
148,3,17
148,4,21
148,5,27
148,6,28
148,7,30
148,8,38
148,9,40
148,10,41
148,11,66
148,12,68
148,13,68
148,14,84
149,1,18
149,2,25
149,3,35
149,4,45
149,5,47
149,6,47
149,7,51
149,8,53
149,9,64
149,10,72
149,11,89
149,12,93
149,13,93
149,14,98
150,1,9
150,2,11
150,3,17
150,4,21
150,5,22
150,6,27
150,7,52
150,8,58
150,9,58
150,10,64
150,11,70
150,12,88
150,13,93
150,14,97
151,1,24
151,2,24
151,3,26
151,4,33
151,5,44
151,6,45
151,7,45
151,8,52
151,9,53
151,10,58
151,11,59
151,12,60
151,13,75
151,14,88
152,1,18
152,2,26
152,3,30
152,4,41
152,5,45
152,6,58
152,7,58
152,8,58
152,9,64
152,10,79
152,11,80
152,12,80
152,13,82
152,14,92
153,1,4
153,2,18
153,3,20
153,4,25
153,5,30
153,6,31
153,7,41
153,8,54
153,9,55
153,10,55
153,11,69
153,12,78
153,13,79
153,14,93
154,1,6
154,2,7
154,3,8
154,4,20
154,5,30
154,6,36
154,7,38
154,8,43
154,9,56
154,10,60
154,11,75
154,12,85
154,13,91
154,14,98
155,1,21
155,2,37
155,3,41
155,4,45
155,5,53
155,6,54
155,7,70
155,8,73
155,9,74
155,10,77
155,11,85
155,12,87
155,13,92
155,14,97
156,1,2
156,2,5
156,3,8
156,4,15
156,5,16
156,6,17
156,7,27
156,8,40
156,9,51
156,10,79
156,11,82
156,12,86
156,13,87
156,14,96
157,1,1
157,2,2
157,3,3
157,4,10
157,5,14
157,6,18
157,7,27
157,8,27
157,9,33
157,10,52
157,11,73
157,12,82
157,13,93
157,14,97
158,1,9
158,2,16
158,3,23
158,4,28
158,5,30
158,6,33
158,7,37
158,8,58
158,9,59
158,10,66
158,11,69
158,12,74
158,13,84
158,14,92
159,1,25
159,2,49
159,3,51
159,4,56
159,5,60
159,6,62
159,7,70
159,8,71
159,9,74
159,10,79
159,11,82
159,12,84
159,13,96
159,14,98
160,1,9
160,2,20
160,3,23
160,4,32
160,5,35
160,6,39
160,7,39
160,8,43
160,9,50
160,10,61
160,11,81
160,12,83
160,13,84
160,14,88
161,1,1
161,2,14
161,3,18
161,4,18
161,5,27
161,6,41
161,7,48
161,8,72
161,9,78
161,10,79
161,11,88
161,12,92
161,13,92
161,14,93
162,1,35
162,2,47
162,3,54
162,4,60
162,5,64
162,6,68
162,7,73
162,8,73
162,9,76
162,10,83
162,11,84
162,12,85
162,13,87
162,14,88
163,1,8
163,2,9
163,3,15
163,4,40
163,5,43
163,6,65
163,7,72
163,8,84
163,9,84
163,10,88
163,11,89
163,12,89
163,13,93
163,14,95
164,1,11
164,2,16
164,3,26
164,4,51
164,5,53
164,6,61
164,7,62
164,8,64
164,9,67
164,10,67
164,11,76
164,12,83
164,13,89
164,14,96
165,1,30
165,2,32
165,3,45
165,4,46
165,5,53
165,6,56
165,7,58
165,8,62
165,9,65
165,10,66
165,11,67
165,12,71
165,13,94
165,14,97
166,1,6
166,2,7
166,3,14
166,4,16
166,5,41
166,6,41
166,7,57
166,8,58
166,9,63
166,10,67
166,11,75
166,12,76
166,13,77
166,14,85
167,1,6
167,2,13
167,3,16
167,4,17
167,5,19
167,6,39
167,7,41
167,8,46
167,9,52
167,10,57
167,11,73
167,12,83
167,13,84
167,14,92
168,1,3
168,2,5
168,3,13
168,4,13
168,5,39
168,6,44
168,7,52
168,8,54
168,9,56
168,10,77
168,11,78
168,12,80
168,13,85
168,14,90
169,1,1
169,2,4
169,3,8
169,4,28
169,5,34
169,6,35
169,7,39
169,8,46
169,9,47
169,10,54
169,11,84
169,12,88
169,13,91
169,14,98
170,1,11
170,2,12
170,3,33
170,4,34
170,5,36
170,6,53
170,7,56
170,8,57
170,9,60
170,10,80
170,11,81
170,12,83
170,13,88
170,14,95
171,1,8
171,2,9
171,3,22
171,4,29
171,5,31
171,6,45
171,7,56
171,8,57
171,9,66
171,10,82
171,11,82
171,12,87
171,13,88
171,14,95
172,1,6
172,2,11
172,3,24
172,4,24
172,5,27
172,6,60
172,7,69
172,8,71
172,9,81
172,10,81
172,11,82
172,12,93
172,13,95
172,14,96
173,1,18
173,2,18
173,3,20
173,4,28
173,5,35
173,6,39
173,7,41
173,8,52
173,9,54
173,10,61
173,11,80
173,12,85
173,13,91
173,14,92
174,1,6
174,2,6
174,3,6
174,4,17
174,5,47
174,6,50
174,7,61
174,8,72
174,9,72
174,10,78
174,11,86
174,12,91
174,13,93
174,14,96
175,1,2
175,2,6
175,3,15
175,4,30
175,5,36
175,6,38
175,7,43
175,8,56
175,9,58
175,10,70
175,11,71
175,12,73
175,13,75
175,14,77
176,1,3
176,2,8
176,3,12
176,4,35
176,5,44
176,6,47
176,7,48
176,8,54
176,9,55
176,10,66
176,11,77
176,12,78
176,13,83
176,14,83
177,1,3
177,2,12
177,3,13
177,4,27
177,5,30
177,6,38
177,7,40
177,8,53
177,9,64
177,10,68
177,11,71
177,12,79
177,13,91
177,14,99
178,1,6
178,2,20
178,3,33
178,4,33
178,5,37
178,6,38
178,7,40
178,8,45
178,9,49
178,10,54
178,11,55
178,12,77
178,13,78
178,14,78
179,1,4
179,2,9
179,3,33
179,4,33
179,5,34
179,6,48
179,7,55
179,8,70
179,9,77
179,10,81
179,11,90
179,12,90
179,13,95
179,14,98
180,1,2
180,2,5
180,3,33
180,4,36
180,5,37
180,6,44
180,7,55
180,8,62
180,9,63
180,10,72
180,11,73
180,12,74
180,13,78
180,14,91
181,1,9
181,2,41
181,3,43
181,4,50
181,5,55
181,6,56
181,7,57
181,8,59
181,9,59
181,10,62
181,11,62
181,12,63
181,13,76
181,14,89
182,1,4
182,2,5
182,3,9
182,4,20
182,5,32
182,6,40
182,7,51
182,8,51
182,9,67
182,10,67
182,11,67
182,12,81
182,13,84
182,14,97
183,1,2
183,2,12
183,3,24
183,4,26
183,5,35
183,6,38
183,7,61
183,8,63
183,9,67
183,10,71
183,11,73
183,12,74
183,13,80
183,14,83
184,1,2
184,2,6
184,3,10
184,4,21
184,5,28
184,6,34
184,7,40
184,8,40
184,9,52
184,10,72
184,11,78
184,12,81
184,13,82
184,14,89
185,1,1
185,2,6
185,3,18
185,4,29
185,5,48
185,6,55
185,7,55
185,8,59
185,9,65
185,10,66
185,11,71
185,12,89
185,13,90
185,14,99
186,1,3
186,2,19
186,3,22
186,4,44
186,5,45
186,6,50
186,7,67
186,8,74
186,9,74
186,10,75
186,11,75
186,12,77
186,13,82
186,14,84
187,1,10
187,2,10
187,3,28
187,4,37
187,5,47
187,6,47
187,7,49
187,8,53
187,9,59
187,10,60
187,11,62
187,12,63
187,13,67
187,14,87
188,1,15
188,2,19
188,3,20
188,4,24
188,5,27
188,6,34
188,7,42
188,8,55
188,9,61
188,10,68
188,11,70
188,12,75
188,13,86
188,14,88
189,1,13
189,2,24
189,3,24
189,4,27
189,5,36
189,6,45
189,7,49
189,8,50
189,9,56
189,10,58
189,11,71
189,12,83
189,13,84
189,14,88
190,1,10
190,2,19
190,3,26
190,4,28
190,5,30
190,6,66
190,7,74
190,8,79
190,9,82
190,10,82
190,11,90
190,12,93
190,13,95
190,14,98
191,1,11
191,2,17
191,3,23
191,4,24
191,5,40
191,6,48
191,7,48
191,8,50
191,9,53
191,10,67
191,11,73
191,12,75
191,13,90
191,14,100
192,1,8
192,2,13
192,3,18
192,4,24
192,5,26
192,6,38
192,7,58
192,8,58
192,9,65
192,10,69
192,11,84
192,12,90
192,13,96
192,14,97
193,1,12
193,2,26
193,3,33
193,4,34
193,5,40
193,6,41
193,7,49
193,8,53
193,9,58
193,10,75
193,11,75
193,12,75
193,13,88
193,14,89
194,1,3
194,2,4
194,3,5
194,4,14
194,5,23
194,6,27
194,7,46
194,8,54
194,9,55
194,10,58
194,11,70
194,12,79
194,13,79
194,14,100
195,1,13
195,2,29
195,3,36
195,4,47
195,5,49
195,6,51
195,7,61
195,8,64
195,9,76
195,10,82
195,11,91
195,12,97
195,13,99
195,14,100
196,1,3
196,2,5
196,3,6
196,4,13
196,5,14
196,6,25
196,7,31
196,8,33
196,9,36
196,10,45
196,11,51
196,12,53
196,13,76
196,14,93
197,1,5
197,2,17
197,3,31
197,4,35
197,5,48
197,6,50
197,7,60
197,8,68
197,9,70
197,10,73
197,11,78
197,12,87
197,13,89
197,14,99
198,1,5
198,2,7
198,3,16
198,4,21
198,5,26
198,6,44
198,7,51
198,8,51
198,9,55
198,10,65
198,11,69
198,12,79
198,13,88
198,14,90
199,1,7
199,2,8
199,3,17
199,4,34
199,5,43
199,6,43
199,7,56
199,8,64
199,9,67
199,10,72
199,11,75
199,12,77
199,13,83
199,14,91
200,1,3
200,2,4
200,3,19
200,4,28
200,5,52
200,6,63
200,7,66
200,8,67
200,9,76
200,10,83
200,11,85
200,12,88
200,13,90
200,14,99
201,1,11
201,2,13
201,3,16
201,4,40
201,5,50
201,6,55
201,7,56
201,8,62
201,9,72
201,10,86
201,11,86
201,12,93
201,13,94
201,14,95
202,1,12
202,2,14
202,3,18
202,4,19
202,5,30
202,6,34
202,7,43
202,8,54
202,9,57
202,10,65
202,11,71
202,12,74
202,13,76
202,14,94
203,1,8
203,2,14
203,3,14
203,4,15
203,5,25
203,6,50
203,7,60
203,8,62
203,9,62
203,10,64
203,11,82
203,12,85
203,13,88
203,14,96
204,1,5
204,2,23
204,3,23
204,4,27
204,5,30
204,6,46
204,7,49
204,8,50
204,9,62
204,10,63
204,11,70
204,12,85
204,13,88
204,14,98
205,1,6
205,2,7
205,3,11
205,4,12
205,5,16
205,6,31
205,7,33
205,8,34
205,9,36
205,10,38
205,11,60
205,12,70
205,13,86
205,14,86
206,1,11
206,2,23
206,3,24
206,4,29
206,5,35
206,6,39
206,7,51
206,8,55
206,9,58
206,10,65
206,11,70
206,12,79
206,13,87
206,14,90
207,1,5
207,2,6
207,3,7
207,4,15
207,5,17
207,6,23
207,7,36
207,8,47
207,9,63
207,10,80
207,11,81
207,12,88
207,13,92
207,14,99
208,1,11
208,2,12
208,3,13
208,4,15
208,5,20
208,6,23
208,7,23
208,8,29
208,9,37
208,10,40
208,11,46
208,12,56
208,13,67
208,14,77
209,1,2
209,2,4
209,3,8
209,4,13
209,5,15
209,6,22
209,7,49
209,8,69
209,9,70
209,10,71
209,11,73
209,12,75
209,13,93
209,14,95
210,1,13
210,2,16
210,3,22
210,4,22
210,5,23
210,6,29
210,7,38
210,8,51
210,9,53
210,10,59
210,11,75
210,12,81
210,13,87
210,14,99
211,1,3
211,2,18
211,3,22
211,4,33
211,5,37
211,6,41
211,7,45
211,8,46
211,9,65
211,10,69
211,11,71
211,12,84
211,13,87
211,14,97
212,1,7
212,2,11
212,3,34
212,4,39
212,5,40
212,6,56
212,7,67
212,8,81
212,9,83
212,10,83
212,11,86
212,12,93
212,13,98
212,14,99
213,1,2
213,2,3
213,3,10
213,4,13
213,5,13
213,6,29
213,7,59
213,8,61
213,9,69
213,10,75
213,11,84
213,12,85
213,13,93
213,14,97
214,1,9
214,2,12
214,3,21
214,4,27
214,5,37
214,6,47
214,7,47
214,8,62
214,9,63
214,10,68
214,11,70
214,12,87
214,13,87
214,14,94
215,1,3
215,2,7
215,3,9
215,4,14
215,5,26
215,6,46
215,7,54
215,8,72
215,9,73
215,10,76
215,11,79
215,12,90
215,13,95
215,14,96
216,1,5
216,2,12
216,3,14
216,4,44
216,5,46
216,6,55
216,7,57
216,8,62
216,9,70
216,10,78
216,11,79
216,12,82
216,13,85
216,14,97
217,1,10
217,2,14
217,3,16
217,4,18
217,5,23
217,6,34
217,7,47
217,8,53
217,9,56
217,10,68
217,11,79
217,12,81
217,13,87
217,14,90
218,1,3
218,2,10
218,3,16
218,4,19
218,5,29
218,6,30
218,7,41
218,8,41
218,9,56
218,10,65
218,11,69
218,12,79
218,13,80
218,14,90
219,1,2
219,2,5
219,3,16
219,4,18
219,5,26
219,6,39
219,7,48
219,8,50
219,9,55
219,10,68
219,11,70
219,12,71
219,13,75
219,14,77
220,1,12
220,2,17
220,3,23
220,4,36
220,5,36
220,6,44
220,7,48
220,8,64
220,9,65
220,10,67
220,11,69
220,12,84
220,13,88
220,14,97
221,1,10
221,2,19
221,3,31
221,4,48
221,5,55
221,6,56
221,7,65
221,8,66
221,9,66
221,10,79
221,11,80
221,12,92
221,13,97
221,14,99
222,1,5
222,2,13
222,3,19
222,4,31
222,5,37
222,6,54
222,7,58
222,8,59
222,9,59
222,10,72
222,11,76
222,12,87
222,13,89
222,14,100
223,1,3
223,2,3
223,3,19
223,4,28
223,5,35
223,6,43
223,7,54
223,8,58
223,9,59
223,10,75
223,11,75
223,12,85
223,13,88
223,14,89
224,1,2
224,2,3
224,3,9
224,4,33
224,5,35
224,6,37
224,7,50
224,8,50
224,9,55
224,10,63
224,11,67
224,12,80
224,13,92
224,14,95
225,1,5
225,2,6
225,3,13
225,4,16
225,5,19
225,6,20
225,7,32
225,8,39
225,9,59
225,10,66
225,11,69
225,12,70
225,13,81
225,14,100
226,1,10
226,2,14
226,3,17
226,4,30
226,5,35
226,6,40
226,7,42
226,8,46
226,9,53
226,10,55
226,11,66
226,12,73
226,13,88
226,14,99
227,1,11
227,2,14
227,3,19
227,4,30
227,5,35
227,6,46
227,7,51
227,8,51
227,9,62
227,10,66
227,11,68
227,12,72
227,13,73
227,14,79
228,1,2
228,2,47
228,3,47
228,4,50
228,5,56
228,6,60
228,7,63
228,8,65
228,9,68
228,10,78
228,11,80
228,12,86
228,13,88
228,14,98
229,1,4
229,2,6
229,3,14
229,4,28
229,5,29
229,6,30
229,7,43
229,8,63
229,9,66
229,10,71
229,11,78
229,12,82
229,13,83
229,14,86
230,1,14
230,2,17
230,3,41
230,4,43
230,5,48
230,6,66
230,7,66
230,8,80
230,9,80
230,10,82
230,11,96
230,12,96
230,13,97
230,14,100
231,1,2
231,2,22
231,3,28
231,4,43
231,5,47
231,6,51
231,7,68
231,8,69
231,9,88
231,10,89
231,11,89
231,12,92
231,13,93
231,14,98
232,1,2
232,2,15
232,3,16
232,4,34
232,5,46
232,6,47
232,7,57
232,8,57
232,9,62
232,10,68
232,11,68
232,12,74
232,13,78
232,14,99
233,1,16
233,2,21
233,3,22
233,4,22
233,5,24
233,6,26
233,7,34
233,8,34
233,9,52
233,10,52
233,11,75
233,12,83
233,13,87
233,14,93
234,1,2
234,2,7
234,3,14
234,4,23
234,5,24
234,6,34
234,7,36
234,8,42
234,9,56
234,10,69
234,11,82
234,12,86
234,13,88
234,14,94
235,1,3
235,2,29
235,3,29
235,4,31
235,5,39
235,6,57
235,7,60
235,8,61
235,9,64
235,10,67
235,11,82
235,12,83
235,13,85
235,14,88
236,1,2
236,2,5
236,3,7
236,4,8
236,5,35
236,6,44
236,7,44
236,8,47
236,9,74
236,10,82
236,11,85
236,12,86
236,13,96
236,14,99
237,1,5
237,2,18
237,3,26
237,4,26
237,5,29
237,6,33
237,7,35
237,8,45
237,9,54
237,10,59
237,11,63
237,12,73
237,13,78
237,14,91
238,1,9
238,2,20
238,3,38
238,4,40
238,5,52
238,6,53
238,7,68
238,8,68
238,9,80
238,10,84
238,11,89
238,12,94
238,13,97
238,14,98
239,1,14
239,2,19
239,3,25
239,4,28
239,5,44
239,6,46
239,7,57
239,8,71
239,9,78
239,10,81
239,11,89
239,12,90
239,13,92
239,14,92
240,1,6
240,2,23
240,3,30
240,4,38
240,5,46
240,6,51
240,7,52
240,8,55
240,9,56
240,10,72
240,11,75
240,12,78
240,13,79
240,14,95
241,1,2
241,2,11
241,3,19
241,4,25
241,5,40
241,6,44
241,7,52
241,8,66
241,9,69
241,10,77
241,11,83
241,12,90
241,13,96
241,14,99
242,1,3
242,2,13
242,3,27
242,4,27
242,5,35
242,6,41
242,7,41
242,8,69
242,9,72
242,10,83
242,11,84
242,12,94
242,13,94
242,14,96
243,1,7
243,2,12
243,3,17
243,4,47
243,5,51
243,6,51
243,7,53
243,8,55
243,9,60
243,10,70
243,11,73
243,12,76
243,13,83
243,14,99
244,1,4
244,2,5
244,3,8
244,4,18
244,5,20
244,6,26
244,7,29
244,8,42
244,9,49
244,10,53
244,11,65
244,12,81
244,13,87
244,14,95
245,1,4
245,2,8
245,3,10
245,4,13
245,5,18
245,6,25
245,7,35
245,8,39
245,9,46
245,10,47
245,11,66
245,12,81
245,13,84
245,14,99
246,1,6
246,2,8
246,3,8
246,4,15
246,5,16
246,6,26
246,7,56
246,8,67
246,9,69
246,10,70
246,11,85
246,12,85
246,13,90
246,14,100
247,1,13
247,2,14
247,3,14
247,4,20
247,5,25
247,6,45
247,7,57
247,8,58
247,9,61
247,10,65
247,11,67
247,12,68
247,13,76
247,14,89
248,1,2
248,2,10
248,3,21
248,4,28
248,5,30
248,6,30
248,7,40
248,8,45
248,9,48
248,10,54
248,11,60
248,12,69
248,13,91
248,14,99
249,1,4
249,2,5
249,3,10
249,4,19
249,5,33
249,6,35
249,7,36
249,8,48
249,9,49
249,10,75
249,11,77
249,12,82
249,13,83
249,14,99
250,1,8
250,2,10
250,3,16
250,4,19
250,5,21
250,6,36
250,7,41
250,8,50
250,9,54
250,10,59
250,11,59
250,12,68
250,13,79
250,14,90
251,1,10
251,2,12
251,3,23
251,4,24
251,5,39
251,6,54
251,7,56
251,8,57
251,9,58
251,10,65
251,11,78
251,12,98
251,13,98
251,14,99
252,1,3
252,2,14
252,3,30
252,4,41
252,5,41
252,6,53
252,7,57
252,8,59
252,9,73
252,10,74
252,11,85
252,12,86
252,13,92
252,14,97
253,1,4
253,2,5
253,3,13
253,4,32
253,5,51
253,6,66
253,7,66
253,8,79
253,9,79
253,10,83
253,11,85
253,12,92
253,13,98
253,14,99
254,1,1
254,2,12
254,3,25
254,4,29
254,5,30
254,6,34
254,7,40
254,8,48
254,9,54
254,10,54
254,11,60
254,12,67
254,13,91
254,14,92
255,1,24
255,2,25
255,3,27
255,4,32
255,5,40
255,6,45
255,7,56
255,8,66
255,9,71
255,10,73
255,11,85
255,12,99
255,13,100
255,14,100
256,1,12
256,2,16
256,3,21
256,4,22
256,5,25
256,6,40
256,7,51
256,8,53
256,9,54
256,10,63
256,11,68
256,12,79
256,13,82
256,14,89
257,1,12
257,2,14
257,3,20
257,4,35
257,5,35
257,6,46
257,7,56
257,8,56
257,9,57
257,10,72
257,11,72
257,12,80
257,13,91
257,14,98
258,1,4
258,2,5
258,3,13
258,4,16
258,5,26
258,6,28
258,7,47
258,8,52
258,9,54
258,10,61
258,11,64
258,12,68
258,13,88
258,14,92
259,1,10
259,2,15
259,3,16
259,4,23
259,5,25
259,6,30
259,7,31
259,8,64
259,9,70
259,10,74
259,11,81
259,12,87
259,13,87
259,14,97
260,1,9
260,2,23
260,3,34
260,4,36
260,5,38
260,6,40
260,7,51
260,8,53
260,9,53
260,10,54
260,11,70
260,12,79
260,13,85
260,14,99
261,1,8
261,2,22
261,3,28
261,4,29
261,5,39
261,6,42
261,7,67
261,8,68
261,9,68
261,10,73
261,11,81
261,12,87
261,13,95
261,14,95
262,1,1
262,2,5
262,3,5
262,4,10
262,5,17
262,6,29
262,7,35
262,8,38
262,9,55
262,10,57
262,11,57
262,12,67
262,13,77
262,14,89
263,1,20
263,2,20
263,3,27
263,4,39
263,5,45
263,6,52
263,7,54
263,8,57
263,9,64
263,10,66
263,11,78
263,12,80
263,13,83
263,14,83
264,1,6
264,2,6
264,3,9
264,4,11
264,5,18
264,6,19
264,7,21
264,8,26
264,9,28
264,10,31
264,11,72
264,12,77
264,13,88
264,14,89
265,1,15
265,2,26
265,3,27
265,4,33
265,5,39
265,6,42
265,7,45
265,8,54
265,9,57
265,10,60
265,11,62
265,12,76
265,13,89
265,14,96
266,1,1
266,2,4
266,3,8
266,4,9
266,5,26
266,6,32
266,7,33
266,8,33
266,9,40
266,10,58
266,11,62
266,12,66
266,13,68
266,14,99
267,1,1
267,2,12
267,3,23
267,4,39
267,5,39
267,6,55
267,7,56
267,8,57
267,9,59
267,10,75
267,11,85
267,12,86
267,13,96
267,14,96
268,1,1
268,2,1
268,3,2
268,4,12
268,5,27
268,6,30
268,7,46
268,8,49
268,9,55
268,10,55
268,11,60
268,12,74
268,13,98
268,14,100
269,1,27
269,2,37
269,3,38
269,4,41
269,5,41
269,6,58
269,7,59
269,8,60
269,9,65
269,10,70
269,11,72
269,12,74
269,13,79
269,14,84
270,1,8
270,2,10
270,3,13
270,4,18
270,5,21
270,6,24
270,7,40
270,8,44
270,9,54
270,10,74
270,11,76
270,12,76
270,13,84
270,14,89
271,1,1
271,2,4
271,3,11
271,4,29
271,5,32
271,6,37
271,7,40
271,8,42
271,9,47
271,10,51
271,11,67
271,12,75
271,13,80
271,14,84
272,1,4
272,2,12
272,3,17
272,4,23
272,5,24
272,6,52
272,7,54
272,8,65
272,9,66
272,10,71
272,11,74
272,12,77
272,13,81
272,14,88
273,1,8
273,2,10
273,3,17
273,4,26
273,5,36
273,6,38
273,7,41
273,8,43
273,9,58
273,10,67
273,11,68
273,12,74
273,13,76
273,14,95
274,1,1
274,2,3
274,3,7
274,4,8
274,5,17
274,6,17
274,7,35
274,8,36
274,9,47
274,10,52
274,11,59
274,12,73
274,13,83
274,14,94
275,1,14
275,2,16
275,3,20
275,4,32
275,5,33
275,6,56
275,7,61
275,8,66
275,9,73
275,10,79
275,11,80
275,12,93
275,13,95
275,14,98
276,1,25
276,2,35
276,3,37
276,4,38
276,5,42
276,6,49
276,7,63
276,8,68
276,9,68
276,10,71
276,11,83
276,12,87
276,13,93
276,14,98
277,1,8
277,2,19
277,3,20
277,4,26
277,5,32
277,6,33
277,7,37
277,8,41
277,9,52
277,10,69
277,11,70
277,12,75
277,13,78
277,14,100
278,1,6
278,2,11
278,3,40
278,4,41
278,5,43
278,6,44
278,7,48
278,8,67
278,9,72
278,10,73
278,11,75
278,12,81
278,13,81
278,14,96
279,1,3
279,2,6
279,3,12
279,4,37
279,5,40
279,6,41
279,7,43
279,8,47
279,9,51
279,10,52
279,11,57
279,12,76
279,13,84
279,14,88
280,1,12
280,2,16
280,3,25
280,4,32
280,5,35
280,6,42
280,7,55
280,8,63
280,9,64
280,10,67
280,11,81
280,12,81
280,13,99
280,14,100
281,1,10
281,2,18
281,3,19
281,4,22
281,5,23
281,6,31
281,7,36
281,8,38
281,9,51
281,10,56
281,11,71
281,12,72
281,13,77
281,14,78
282,1,4
282,2,4
282,3,7
282,4,16
282,5,24
282,6,32
282,7,37
282,8,54
282,9,60
282,10,87
282,11,87
282,12,92
282,13,94
282,14,94
283,1,12
283,2,15
283,3,19
283,4,19
283,5,48
283,6,58
283,7,80
283,8,88
283,9,88
283,10,90
283,11,91
283,12,95
283,13,95
283,14,97
284,1,17
284,2,29
284,3,39
284,4,48
284,5,58
284,6,74
284,7,78
284,8,78
284,9,82
284,10,87
284,11,93
284,12,94
284,13,97
284,14,99
285,1,1
285,2,12
285,3,23
285,4,46
285,5,48
285,6,53
285,7,68
285,8,68
285,9,68
285,10,69
285,11,73
285,12,81
285,13,85
285,14,97
286,1,31
286,2,37
286,3,38
286,4,45
286,5,45
286,6,48
286,7,51
286,8,56
286,9,58
286,10,61
286,11,66
286,12,80
286,13,90
286,14,90
287,1,2
287,2,5
287,3,6
287,4,11
287,5,16
287,6,26
287,7,39
287,8,44
287,9,44
287,10,48
287,11,64
287,12,66
287,13,74
287,14,99
288,1,11
288,2,13
288,3,16
288,4,27
288,5,27
288,6,42
288,7,45
288,8,56
288,9,61
288,10,64
288,11,74
288,12,75
288,13,78
288,14,81
289,1,6
289,2,9
289,3,11
289,4,38
289,5,49
289,6,50
289,7,60
289,8,71
289,9,77
289,10,79
289,11,86
289,12,89
289,13,98
289,14,98
290,1,10
290,2,13
290,3,28
290,4,33
290,5,34
290,6,50
290,7,54
290,8,57
290,9,62
290,10,70
290,11,76
290,12,78
290,13,81
290,14,89
291,1,4
291,2,5
291,3,12
291,4,22
291,5,26
291,6,30
291,7,30
291,8,49
291,9,59
291,10,72
291,11,85
291,12,87
291,13,99
291,14,100
292,1,4
292,2,8
292,3,18
292,4,23
292,5,30
292,6,41
292,7,44
292,8,51
292,9,56
292,10,60
292,11,70
292,12,79
292,13,91
292,14,99
293,1,4
293,2,16
293,3,21
293,4,25
293,5,31
293,6,53
293,7,56
293,8,56
293,9,61
293,10,81
293,11,82
293,12,89
293,13,90
293,14,90
294,1,5
294,2,8
294,3,25
294,4,25
294,5,33
294,6,38
294,7,50
294,8,53
294,9,60
294,10,65
294,11,75
294,12,78
294,13,87
294,14,94
295,1,4
295,2,5
295,3,5
295,4,6
295,5,19
295,6,22
295,7,23
295,8,53
295,9,55
295,10,56
295,11,69
295,12,71
295,13,78
295,14,79
296,1,20
296,2,25
296,3,31
296,4,35
296,5,36
296,6,50
296,7,50
296,8,55
296,9,58
296,10,62
296,11,69
296,12,86
296,13,99
296,14,100
297,1,2
297,2,19
297,3,19
297,4,24
297,5,33
297,6,35
297,7,38
297,8,38
297,9,41
297,10,50
297,11,59
297,12,62
297,13,64
297,14,95
298,1,3
298,2,4
298,3,5
298,4,20
298,5,20
298,6,33
298,7,34
298,8,40
298,9,45
298,10,45
298,11,49
298,12,64
298,13,73
298,14,79
299,1,3
299,2,5
299,3,5
299,4,25
299,5,29
299,6,46
299,7,58
299,8,59
299,9,68
299,10,70
299,11,71
299,12,79
299,13,99
299,14,99
300,1,5
300,2,19
300,3,22
300,4,24
300,5,46
300,6,48
300,7,51
300,8,61
300,9,64
300,10,70
300,11,71
300,12,77
300,13,99
300,14,100
301,1,7
301,2,14
301,3,22
301,4,23
301,5,24
301,6,26
301,7,30
301,8,41
301,9,52
301,10,68
301,11,69
301,12,83
301,13,90
301,14,91
302,1,16
302,2,24
302,3,41
302,4,45
302,5,49
302,6,50
302,7,55
302,8,59
302,9,60
302,10,74
302,11,80
302,12,82
302,13,87
302,14,89
303,1,3
303,2,16
303,3,22
303,4,24
303,5,41
303,6,59
303,7,66
303,8,68
303,9,71
303,10,75
303,11,77
303,12,87
303,13,92
303,14,98
304,1,5
304,2,11
304,3,18
304,4,24
304,5,26
304,6,30
304,7,32
304,8,43
304,9,49
304,10,64
304,11,69
304,12,70
304,13,80
304,14,93
305,1,2
305,2,8
305,3,40
305,4,45
305,5,49
305,6,55
305,7,67
305,8,70
305,9,72
305,10,80
305,11,82
305,12,86
305,13,94
305,14,95
306,1,3
306,2,22
306,3,32
306,4,40
306,5,42
306,6,45
306,7,49
306,8,55
306,9,59
306,10,63
306,11,70
306,12,93
306,13,96
306,14,100
307,1,7
307,2,23
307,3,23
307,4,23
307,5,31
307,6,39
307,7,46
307,8,51
307,9,56
307,10,59
307,11,60
307,12,84
307,13,85
307,14,95
308,1,5
308,2,10
308,3,13
308,4,16
308,5,33
308,6,39
308,7,41
308,8,43
308,9,47
308,10,56
308,11,60
308,12,60
308,13,91
308,14,95
309,1,4
309,2,12
309,3,18
309,4,19
309,5,28
309,6,43
309,7,48
309,8,50
309,9,50
309,10,54
309,11,64
309,12,70
309,13,76
309,14,80
310,1,11
310,2,27
310,3,32
310,4,42
310,5,51
310,6,54
310,7,54
310,8,66
310,9,70
310,10,83
310,11,85
310,12,86
310,13,93
310,14,100
311,1,20
311,2,21
311,3,29
311,4,31
311,5,39
311,6,52
311,7,55
311,8,59
311,9,62
311,10,70
311,11,85
311,12,86
311,13,90
311,14,99
312,1,4
312,2,14
312,3,14
312,4,18
312,5,22
312,6,30
312,7,32
312,8,54
312,9,56
312,10,76
312,11,80
312,12,90
312,13,90
312,14,94
313,1,17
313,2,17
313,3,19
313,4,28
313,5,48
313,6,57
313,7,60
313,8,61
313,9,69
313,10,69
313,11,72
313,12,77
313,13,78
313,14,83
314,1,3
314,2,6
314,3,15
314,4,18
314,5,20
314,6,21
314,7,27
314,8,45
314,9,45
314,10,51
314,11,55
314,12,67
314,13,74
314,14,78
315,1,7
315,2,19
315,3,24
315,4,30
315,5,32
315,6,34
315,7,38
315,8,41
315,9,54
315,10,57
315,11,60
315,12,72
315,13,72
315,14,97
316,1,5
316,2,19
316,3,21
316,4,26
316,5,31
316,6,32
316,7,34
316,8,43
316,9,60
316,10,67
316,11,81
316,12,92
316,13,94
316,14,95
317,1,3
317,2,4
317,3,7
317,4,9
317,5,17
317,6,26
317,7,28
317,8,29
317,9,35
317,10,46
317,11,46
317,12,55
317,13,67
317,14,71
318,1,6
318,2,6
318,3,15
318,4,32
318,5,36
318,6,53
318,7,73
318,8,82
318,9,85
318,10,85
318,11,86
318,12,95
318,13,96
318,14,96
319,1,2
319,2,4
319,3,6
319,4,11
319,5,19
319,6,28
319,7,56
319,8,65
319,9,67
319,10,71
319,11,84
319,12,89
319,13,91
319,14,93
320,1,6
320,2,12
320,3,14
320,4,19
320,5,19
320,6,20
320,7,22
320,8,27
320,9,36
320,10,42
320,11,48
320,12,57
320,13,72
320,14,81
321,1,9
321,2,15
321,3,34
321,4,36
321,5,57
321,6,62
321,7,68
321,8,70
321,9,72
321,10,77
321,11,82
321,12,87
321,13,90
321,14,99
322,1,1
322,2,28
322,3,34
322,4,37
322,5,39
322,6,45
322,7,49
322,8,50
322,9,70
322,10,70
322,11,72
322,12,87
322,13,90
322,14,94
323,1,6
323,2,7
323,3,21
323,4,29
323,5,32
323,6,39
323,7,57
323,8,68
323,9,81
323,10,82
323,11,86
323,12,90
323,13,91
323,14,99
324,1,4
324,2,8
324,3,15
324,4,18
324,5,20
324,6,21
324,7,22
324,8,24
324,9,24
324,10,27
324,11,29
324,12,47
324,13,59
324,14,93
325,1,10
325,2,10
325,3,16
325,4,18
325,5,19
325,6,29
325,7,32
325,8,36
325,9,36
325,10,50
325,11,62
325,12,65
325,13,67
325,14,85
326,1,2
326,2,3
326,3,10
326,4,14
326,5,35
326,6,36
326,7,43
326,8,66
326,9,77
326,10,79
326,11,79
326,12,95
326,13,98
326,14,99
327,1,8
327,2,8
327,3,25
327,4,28
327,5,28
327,6,48
327,7,49
327,8,58
327,9,58
327,10,59
327,11,70
327,12,72
327,13,72
327,14,86
328,1,13
328,2,15
328,3,16
328,4,24
328,5,34
328,6,40
328,7,45
328,8,51
328,9,65
328,10,80
328,11,85
328,12,86
328,13,90
328,14,91
329,1,9
329,2,13
329,3,17
329,4,17
329,5,18
329,6,27
329,7,28
329,8,34
329,9,53
329,10,54
329,11,60
329,12,66
329,13,87
329,14,98
330,1,8
330,2,17
330,3,23
330,4,28
330,5,40
330,6,41
330,7,47
330,8,71
330,9,72
330,10,72
330,11,82
330,12,96
330,13,96
330,14,97
331,1,7
331,2,28
331,3,42
331,4,47
331,5,48
331,6,48
331,7,54
331,8,60
331,9,66
331,10,66
331,11,73
331,12,74
331,13,84
331,14,91
332,1,3
332,2,6
332,3,9
332,4,14
332,5,16
332,6,24
332,7,35
332,8,38
332,9,41
332,10,43
332,11,67
332,12,68
332,13,73
332,14,88
333,1,9
333,2,10
333,3,18
333,4,20
333,5,35
333,6,45
333,7,53
333,8,75
333,9,78
333,10,80
333,11,86
333,12,89
333,13,90
333,14,94
334,1,8
334,2,15
334,3,16
334,4,36
334,5,37
334,6,39
334,7,41
334,8,61
334,9,64
334,10,69
334,11,71
334,12,73
334,13,83
334,14,98
335,1,13
335,2,17
335,3,21
335,4,34
335,5,38
335,6,41
335,7,44
335,8,56
335,9,62
335,10,65
335,11,80
335,12,84
335,13,85
335,14,93
336,1,4
336,2,9
336,3,15
336,4,35
336,5,38
336,6,38
336,7,46
336,8,63
336,9,82
336,10,85
336,11,85
336,12,86
336,13,89
336,14,100
337,1,2
337,2,4
337,3,15
337,4,15
337,5,26
337,6,36
337,7,36
337,8,37
337,9,39
337,10,48
337,11,56
337,12,74
337,13,81
337,14,94
338,1,2
338,2,5
338,3,8
338,4,36
338,5,51
338,6,60
338,7,63
338,8,72
338,9,72
338,10,72
338,11,80
338,12,84
338,13,85
338,14,97
339,1,4
339,2,8
339,3,23
339,4,31
339,5,34
339,6,37
339,7,46
339,8,65
339,9,65
339,10,80
339,11,82
339,12,91
339,13,92
339,14,92
340,1,8
340,2,16
340,3,18
340,4,22
340,5,25
340,6,26
340,7,39
340,8,47
340,9,53
340,10,61
340,11,70
340,12,78
340,13,79
340,14,93
341,1,14
341,2,16
341,3,24
341,4,41
341,5,57
341,6,60
341,7,64
341,8,67
341,9,69
341,10,70
341,11,79
341,12,82
341,13,93
341,14,95
342,1,3
342,2,10
342,3,18
342,4,35
342,5,37
342,6,42
342,7,45
342,8,49
342,9,50
342,10,63
342,11,72
342,12,74
342,13,89
342,14,95
343,1,8
343,2,14
343,3,18
343,4,21
343,5,22
343,6,33
343,7,35
343,8,37
343,9,42
343,10,44
343,11,56
343,12,66
343,13,77
343,14,94
344,1,5
344,2,8
344,3,9
344,4,11
344,5,15
344,6,35
344,7,39
344,8,39
344,9,41
344,10,45
344,11,51
344,12,61
344,13,67
344,14,76
345,1,2
345,2,7
345,3,9
345,4,19
345,5,30
345,6,46
345,7,59
345,8,60
345,9,68
345,10,69
345,11,70
345,12,88
345,13,94
345,14,99
346,1,2
346,2,3
346,3,14
346,4,15
346,5,39
346,6,41
346,7,45
346,8,55
346,9,60
346,10,64
346,11,76
346,12,79
346,13,90
346,14,93
347,1,2
347,2,11
347,3,12
347,4,13
347,5,22
347,6,23
347,7,25
347,8,34
347,9,35
347,10,45
347,11,48
347,12,65
347,13,74
347,14,88
348,1,5
348,2,8
348,3,30
348,4,30
348,5,32
348,6,33
348,7,43
348,8,49
348,9,52
348,10,66
348,11,71
348,12,82
348,13,83
348,14,84
349,1,12
349,2,18
349,3,20
349,4,24
349,5,31
349,6,36
349,7,39
349,8,43
349,9,60
349,10,78
349,11,87
349,12,87
349,13,89
349,14,93
350,1,13
350,2,22
350,3,25
350,4,30
350,5,32
350,6,53
350,7,56
350,8,62
350,9,70
350,10,85
350,11,90
350,12,93
350,13,99
350,14,99
351,1,2
351,2,18
351,3,20
351,4,42
351,5,52
351,6,59
351,7,65
351,8,68
351,9,72
351,10,84
351,11,84
351,12,85
351,13,89
351,14,98
352,1,2
352,2,5
352,3,8
352,4,29
352,5,30
352,6,31
352,7,32
352,8,35
352,9,37
352,10,49
352,11,59
352,12,71
352,13,72
352,14,80
353,1,7
353,2,8
353,3,20
353,4,22
353,5,23
353,6,31
353,7,31
353,8,59
353,9,60
353,10,74
353,11,82
353,12,91
353,13,98
353,14,99
354,1,17
354,2,22
354,3,22
354,4,23
354,5,33
354,6,42
354,7,49
354,8,50
354,9,52
354,10,60
354,11,78
354,12,86
354,13,87
354,14,89
355,1,2
355,2,3
355,3,7
355,4,13
355,5,15
355,6,20
355,7,24
355,8,35
355,9,38
355,10,50
355,11,72
355,12,73
355,13,83
355,14,88
356,1,5
356,2,6
356,3,11
356,4,26
356,5,28
356,6,48
356,7,52
356,8,58
356,9,71
356,10,75
356,11,77
356,12,87
356,13,90
356,14,91
357,1,6
357,2,9
357,3,10
357,4,18
357,5,29
357,6,29
357,7,39
357,8,44
357,9,45
357,10,54
357,11,65
357,12,66
357,13,69
357,14,96
358,1,8
358,2,12
358,3,17
358,4,24
358,5,26
358,6,29
358,7,31
358,8,48
358,9,52
358,10,64
358,11,65
358,12,65
358,13,75
358,14,75
359,1,1
359,2,19
359,3,27
359,4,32
359,5,40
359,6,44
359,7,44
359,8,48
359,9,57
359,10,69
359,11,75
359,12,88
359,13,95
359,14,96
360,1,13
360,2,13
360,3,15
360,4,17
360,5,31
360,6,32
360,7,55
360,8,62
360,9,65
360,10,72
360,11,83
360,12,86
360,13,91
360,14,96
361,1,6
361,2,15
361,3,19
361,4,30
361,5,38
361,6,42
361,7,47
361,8,51
361,9,58
361,10,61
361,11,73
361,12,76
361,13,77
361,14,98
362,1,2
362,2,8
362,3,12
362,4,24
362,5,28
362,6,32
362,7,35
362,8,39
362,9,46
362,10,51
362,11,56
362,12,72
362,13,82
362,14,96
363,1,5
363,2,19
363,3,19
363,4,24
363,5,34
363,6,34
363,7,46
363,8,51
363,9,58
363,10,59
363,11,80
363,12,81
363,13,82
363,14,98
364,1,11
364,2,19
364,3,20
364,4,40
364,5,53
364,6,61
364,7,61
364,8,62
364,9,69
364,10,75
364,11,76
364,12,76
364,13,87
364,14,91
365,1,3
365,2,5
365,3,15
365,4,17
365,5,38
365,6,41
365,7,44
365,8,44
365,9,46
365,10,50
365,11,54
365,12,59
365,13,62
365,14,84
366,1,6
366,2,7
366,3,22
366,4,32
366,5,41
366,6,52
366,7,61
366,8,61
366,9,76
366,10,80
366,11,88
366,12,90
366,13,94
366,14,100
367,1,8
367,2,10
367,3,22
367,4,28
367,5,30
367,6,30
367,7,35
367,8,37
367,9,53
367,10,54
367,11,67
367,12,68
367,13,78
367,14,100
368,1,6
368,2,12
368,3,27
368,4,28
368,5,34
368,6,38
368,7,45
368,8,48
368,9,55
368,10,56
368,11,59
368,12,65
368,13,70
368,14,88
369,1,7
369,2,9
369,3,19
369,4,24
369,5,28
369,6,40
369,7,45
369,8,51
369,9,63
369,10,73
369,11,74
369,12,86
369,13,96
369,14,97
370,1,2
370,2,19
370,3,26
370,4,28
370,5,33
370,6,38
370,7,40
370,8,54
370,9,63
370,10,65
370,11,71
370,12,73
370,13,77
370,14,98
371,1,17
371,2,18
371,3,19
371,4,30
371,5,36
371,6,55
371,7,58
371,8,60
371,9,60
371,10,67
371,11,67
371,12,74
371,13,83
371,14,96
372,1,2
372,2,5
372,3,21
372,4,23
372,5,27
372,6,31
372,7,39
372,8,46
372,9,62
372,10,72
372,11,77
372,12,82
372,13,88
372,14,94
373,1,4
373,2,5
373,3,5
373,4,6
373,5,29
373,6,45
373,7,46
373,8,60
373,9,63
373,10,74
373,11,85
373,12,87
373,13,95
373,14,95
374,1,2
374,2,12
374,3,29
374,4,30
374,5,31
374,6,37
374,7,40
374,8,47
374,9,63
374,10,73
374,11,76
374,12,78
374,13,87
374,14,96
375,1,1
375,2,5
375,3,9
375,4,10
375,5,17
375,6,33
375,7,35
375,8,39
375,9,42
375,10,53
375,11,55
375,12,68
375,13,79
375,14,80
376,1,1
376,2,3
376,3,3
376,4,24
376,5,29
376,6,31
376,7,33
376,8,39
376,9,47
376,10,47
376,11,47
376,12,74
376,13,85
376,14,86
377,1,7
377,2,13
377,3,19
377,4,21
377,5,25
377,6,32
377,7,46
377,8,51
377,9,55
377,10,57
377,11,61
377,12,65
377,13,75
377,14,87
378,1,4
378,2,8
378,3,31
378,4,34
378,5,37
378,6,45
378,7,57
378,8,63
378,9,68
378,10,70
378,11,74
378,12,74
378,13,79
378,14,91
379,1,16
379,2,19
379,3,24
379,4,24
379,5,32
379,6,39
379,7,42
379,8,43
379,9,50
379,10,68
379,11,69
379,12,75
379,13,90
379,14,96
380,1,2
380,2,7
380,3,26
380,4,31
380,5,32
380,6,48
380,7,50
380,8,50
380,9,53
380,10,74
380,11,78
380,12,80
380,13,85
380,14,97
381,1,15
381,2,20
381,3,24
381,4,29
381,5,39
381,6,46
381,7,46
381,8,55
381,9,59
381,10,78
381,11,83
381,12,85
381,13,86
381,14,92
382,1,4
382,2,5
382,3,9
382,4,12
382,5,12
382,6,21
382,7,33
382,8,46
382,9,72
382,10,75
382,11,76
382,12,88
382,13,95
382,14,100
383,1,12
383,2,13
383,3,21
383,4,33
383,5,45
383,6,52
383,7,55
383,8,61
383,9,64
383,10,78
383,11,79
383,12,83
383,13,97
383,14,100
384,1,11
384,2,28
384,3,37
384,4,46
384,5,60
384,6,64
384,7,64
384,8,66
384,9,68
384,10,73
384,11,77
384,12,81
384,13,92
384,14,93
385,1,2
385,2,12
385,3,14
385,4,19
385,5,20
385,6,24
385,7,36
385,8,48
385,9,52
385,10,63
385,11,65
385,12,79
385,13,81
385,14,82
386,1,13
386,2,18
386,3,24
386,4,27
386,5,37
386,6,43
386,7,44
386,8,44
386,9,50
386,10,51
386,11,52
386,12,59
386,13,80
386,14,85
387,1,7
387,2,14
387,3,16
387,4,20
387,5,23
387,6,44
387,7,59
387,8,70
387,9,81
387,10,85
387,11,95
387,12,96
387,13,97
387,14,99
388,1,6
388,2,7
388,3,13
388,4,15
388,5,24
388,6,25
388,7,33
388,8,65
388,9,65
388,10,65
388,11,72
388,12,74
388,13,85
388,14,98
389,1,3
389,2,6
389,3,10
389,4,12
389,5,25
389,6,32
389,7,49
389,8,50
389,9,68
389,10,75
389,11,79
389,12,82
389,13,86
389,14,97
390,1,16
390,2,21
390,3,24
390,4,25
390,5,31
390,6,41
390,7,44
390,8,45
390,9,48
390,10,51
390,11,56
390,12,59
390,13,81
390,14,87
391,1,3
391,2,4
391,3,26
391,4,32
391,5,46
391,6,49
391,7,51
391,8,54
391,9,56
391,10,62
391,11,74
391,12,75
391,13,87
391,14,94
392,1,4
392,2,6
392,3,11
392,4,21
392,5,23
392,6,29
392,7,44
392,8,51
392,9,51
392,10,52
392,11,53
392,12,53
392,13,72
392,14,72
393,1,5
393,2,8
393,3,12
393,4,17
393,5,30
393,6,46
393,7,48
393,8,49
393,9,51
393,10,56
393,11,57
393,12,85
393,13,88
393,14,98
394,1,3
394,2,5
394,3,6
394,4,8
394,5,10
394,6,14
394,7,28
394,8,38
394,9,45
394,10,56
394,11,77
394,12,78
394,13,97
394,14,99
395,1,5
395,2,6
395,3,15
395,4,19
395,5,19
395,6,20
395,7,21
395,8,21
395,9,25
395,10,33
395,11,66
395,12,78
395,13,90
395,14,100
396,1,3
396,2,4
396,3,22
396,4,28
396,5,30
396,6,31
396,7,51
396,8,65
396,9,74
396,10,84
396,11,91
396,12,92
396,13,93
396,14,94
397,1,1
397,2,9
397,3,12
397,4,21
397,5,27
397,6,32
397,7,69
397,8,72
397,9,77
397,10,87
397,11,89
397,12,90
397,13,98
397,14,98
398,1,9
398,2,17
398,3,17
398,4,29
398,5,35
398,6,41
398,7,56
398,8,64
398,9,70
398,10,81
398,11,93
398,12,96
398,13,98
398,14,98
399,1,14
399,2,21
399,3,21
399,4,29
399,5,32
399,6,43
399,7,47
399,8,52
399,9,53
399,10,56
399,11,59
399,12,63
399,13,97
399,14,97
400,1,5
400,2,16
400,3,20
400,4,33
400,5,36
400,6,37
400,7,42
400,8,46
400,9,54
400,10,70
400,11,79
400,12,80
400,13,93
400,14,97
401,1,3
401,2,17
401,3,18
401,4,21
401,5,24
401,6,62
401,7,63
401,8,63
401,9,72
401,10,72
401,11,75
401,12,78
401,13,80
401,14,81
402,1,2
402,2,9
402,3,10
402,4,10
402,5,24
402,6,28
402,7,32
402,8,47
402,9,48
402,10,49
402,11,56
402,12,58
402,13,65
402,14,90
403,1,3
403,2,6
403,3,16
403,4,22
403,5,35
403,6,36
403,7,37
403,8,52
403,9,71
403,10,79
403,11,79
403,12,93
403,13,94
403,14,97
404,1,1
404,2,11
404,3,19
404,4,31
404,5,37
404,6,42
404,7,50
404,8,53
404,9,64
404,10,67
404,11,81
404,12,91
404,13,96
404,14,96
405,1,19
405,2,30
405,3,32
405,4,33
405,5,36
405,6,39
405,7,44
405,8,52
405,9,57
405,10,60
405,11,63
405,12,78
405,13,78
405,14,99
406,1,19
406,2,29
406,3,35
406,4,38
406,5,47
406,6,51
406,7,51
406,8,61
406,9,71
406,10,74
406,11,80
406,12,87
406,13,96
406,14,98
407,1,2
407,2,8
407,3,8
407,4,14
407,5,18
407,6,24
407,7,25
407,8,32
407,9,50
407,10,53
407,11,62
407,12,80
407,13,80
407,14,92
408,1,6
408,2,12
408,3,34
408,4,39
408,5,40
408,6,42
408,7,43
408,8,49
408,9,59
408,10,64
408,11,69
408,12,71
408,13,75
408,14,77
409,1,8
409,2,26
409,3,30
409,4,30
409,5,43
409,6,50
409,7,57
409,8,59
409,9,60
409,10,61
409,11,69
409,12,70
409,13,82
409,14,95
410,1,15
410,2,24
410,3,28
410,4,29
410,5,36
410,6,38
410,7,41
410,8,55
410,9,66
410,10,77
410,11,81
410,12,86
410,13,93
410,14,94
411,1,3
411,2,7
411,3,10
411,4,20
411,5,23
411,6,25
411,7,33
411,8,66
411,9,68
411,10,79
411,11,83
411,12,88
411,13,89
411,14,93
412,1,1
412,2,15
412,3,16
412,4,23
412,5,32
412,6,39
412,7,39
412,8,43
412,9,47
412,10,50
412,11,51
412,12,66
412,13,67
412,14,86
413,1,3
413,2,8
413,3,10
413,4,15
413,5,15
413,6,35
413,7,45
413,8,49
413,9,55
413,10,68
413,11,79
413,12,82
413,13,91
413,14,92
414,1,6
414,2,23
414,3,23
414,4,25
414,5,35
414,6,36
414,7,39
414,8,45
414,9,48
414,10,60
414,11,63
414,12,77
414,13,97
414,14,100
415,1,2
415,2,16
415,3,18
415,4,21
415,5,28
415,6,32
415,7,38
415,8,40
415,9,49
415,10,57
415,11,61
415,12,69
415,13,78
415,14,87
416,1,6
416,2,7
416,3,9
416,4,17
416,5,17
416,6,19
416,7,24
416,8,29
416,9,33
416,10,47
416,11,48
416,12,50
416,13,62
416,14,94
417,1,12
417,2,16
417,3,29
417,4,31
417,5,32
417,6,45
417,7,46
417,8,51
417,9,61
417,10,69
417,11,72
417,12,75
417,13,84
417,14,91
418,1,6
418,2,13
418,3,21
418,4,22
418,5,28
418,6,33
418,7,37
418,8,50
418,9,53
418,10,60
418,11,68
418,12,79
418,13,91
418,14,100
419,1,4
419,2,5
419,3,16
419,4,16
419,5,18
419,6,22
419,7,30
419,8,32
419,9,36
419,10,42
419,11,47
419,12,53
419,13,54
419,14,73
420,1,17
420,2,19
420,3,24
420,4,37
420,5,41
420,6,44
420,7,49
420,8,51
420,9,60
420,10,63
420,11,79
420,12,85
420,13,91
420,14,93
421,1,29
421,2,29
421,3,29
421,4,33
421,5,38
421,6,46
421,7,48
421,8,59
421,9,61
421,10,70
421,11,72
421,12,86
421,13,92
421,14,94
422,1,7
422,2,10
422,3,14
422,4,15
422,5,21
422,6,27
422,7,30
422,8,31
422,9,36
422,10,56
422,11,57
422,12,66
422,13,67
422,14,94
423,1,13
423,2,17
423,3,18
423,4,37
423,5,38
423,6,44
423,7,49
423,8,51
423,9,56
423,10,61
423,11,91
423,12,92
423,13,96
423,14,98
424,1,1
424,2,9
424,3,10
424,4,14
424,5,15
424,6,17
424,7,20
424,8,24
424,9,40
424,10,49
424,11,62
424,12,62
424,13,76
424,14,89
425,1,3
425,2,12
425,3,28
425,4,28
425,5,38
425,6,38
425,7,39
425,8,41
425,9,58
425,10,65
425,11,68
425,12,81
425,13,83
425,14,89
426,1,4
426,2,6
426,3,7
426,4,20
426,5,27
426,6,30
426,7,45
426,8,47
426,9,48
426,10,59
426,11,70
426,12,72
426,13,81
426,14,96
427,1,13
427,2,14
427,3,19
427,4,30
427,5,33
427,6,37
427,7,42
427,8,73
427,9,78
427,10,80
427,11,81
427,12,83
427,13,94
427,14,96
428,1,1
428,2,3
428,3,8
428,4,13
428,5,15
428,6,42
428,7,47
428,8,58
428,9,64
428,10,79
428,11,82
428,12,94
428,13,97
428,14,98
429,1,7
429,2,13
429,3,26
429,4,31
429,5,42
429,6,48
429,7,56
429,8,59
429,9,61
429,10,66
429,11,82
429,12,82
429,13,90
429,14,92
430,1,5
430,2,7
430,3,13
430,4,16
430,5,25
430,6,35
430,7,36
430,8,40
430,9,52
430,10,74
430,11,82
430,12,89
430,13,89
430,14,97
431,1,7
431,2,30
431,3,30
431,4,33
431,5,35
431,6,37
431,7,43
431,8,46
431,9,59
431,10,67
431,11,72
431,12,82
431,13,96
431,14,100
432,1,8
432,2,10
432,3,14
432,4,20
432,5,32
432,6,40
432,7,53
432,8,55
432,9,58
432,10,59
432,11,78
432,12,87
432,13,92
432,14,96
433,1,1
433,2,9
433,3,15
433,4,19
433,5,29
433,6,38
433,7,38
433,8,52
433,9,54
433,10,58
433,11,85
433,12,92
433,13,96
433,14,97
434,1,5
434,2,6
434,3,10
434,4,14
434,5,28
434,6,34
434,7,38
434,8,41
434,9,42
434,10,52
434,11,53
434,12,55
434,13,72
434,14,88
435,1,11
435,2,20
435,3,20
435,4,23
435,5,32
435,6,33
435,7,53
435,8,62
435,9,71
435,10,88
435,11,90
435,12,90
435,13,93
435,14,94
436,1,20
436,2,21
436,3,21
436,4,21
436,5,29
436,6,53
436,7,60
436,8,66
436,9,72
436,10,73
436,11,80
436,12,81
436,13,95
436,14,98
437,1,12
437,2,24
437,3,25
437,4,52
437,5,56
437,6,65
437,7,66
437,8,67
437,9,69
437,10,73
437,11,94
437,12,98
437,13,98
437,14,100
438,1,5
438,2,8
438,3,21
438,4,26
438,5,30
438,6,32
438,7,33
438,8,46
438,9,50
438,10,59
438,11,75
438,12,79
438,13,88
438,14,96
439,1,4
439,2,8
439,3,14
439,4,25
439,5,33
439,6,42
439,7,63
439,8,73
439,9,81
439,10,82
439,11,86
439,12,89
439,13,91
439,14,93
440,1,19
440,2,19
440,3,24
440,4,35
440,5,40
440,6,48
440,7,57
440,8,60
440,9,71
440,10,74
440,11,85
440,12,91
440,13,92
440,14,99
441,1,1
441,2,11
441,3,12
441,4,21
441,5,22
441,6,31
441,7,34
441,8,35
441,9,41
441,10,42
441,11,73
441,12,76
441,13,76
441,14,90
442,1,8
442,2,18
442,3,22
442,4,23
442,5,29
442,6,50
442,7,58
442,8,65
442,9,73
442,10,78
442,11,81
442,12,82
442,13,88
442,14,99
443,1,3
443,2,7
443,3,10
443,4,14
443,5,17
443,6,26
443,7,35
443,8,45
443,9,58
443,10,58
443,11,66
443,12,73
443,13,80
443,14,81
444,1,1
444,2,2
444,3,6
444,4,17
444,5,30
444,6,31
444,7,31
444,8,41
444,9,69
444,10,69
444,11,74
444,12,85
444,13,89
444,14,96
445,1,2
445,2,7
445,3,9
445,4,10
445,5,10
445,6,11
445,7,13
445,8,32
445,9,46
445,10,48
445,11,57
445,12,62
445,13,78
445,14,96
446,1,9
446,2,14
446,3,19
446,4,21
446,5,24
446,6,34
446,7,68
446,8,78
446,9,78
446,10,79
446,11,80
446,12,92
446,13,94
446,14,98
447,1,16
447,2,27
447,3,39
447,4,42
447,5,49
447,6,53
447,7,56
447,8,64
447,9,65
447,10,75
447,11,75
447,12,81
447,13,90
447,14,97
448,1,10
448,2,26
448,3,32
448,4,36
448,5,42
448,6,48
448,7,56
448,8,57
448,9,62
448,10,74
448,11,79
448,12,91
448,13,97
448,14,99
449,1,17
449,2,19
449,3,22
449,4,29
449,5,42
449,6,46
449,7,47
449,8,67
449,9,76
449,10,76
449,11,79
449,12,96
449,13,97
449,14,99
450,1,15
450,2,22
450,3,31
450,4,35
450,5,44
450,6,49
450,7,57
450,8,65
450,9,66
450,10,67
450,11,67
450,12,85
450,13,89
450,14,97
451,1,1
451,2,4
451,3,8
451,4,13
451,5,20
451,6,20
451,7,20
451,8,31
451,9,40
451,10,44
451,11,50
451,12,63
451,13,66
451,14,86
452,1,1
452,2,10
452,3,15
452,4,33
452,5,68
452,6,73
452,7,76
452,8,76
452,9,77
452,10,79
452,11,83
452,12,90
452,13,94
452,14,99
453,1,4
453,2,13
453,3,21
453,4,41
453,5,41
453,6,42
453,7,46
453,8,56
453,9,68
453,10,84
453,11,86
453,12,87
453,13,91
453,14,96
454,1,2
454,2,11
454,3,19
454,4,20
454,5,40
454,6,44
454,7,48
454,8,49
454,9,52
454,10,60
454,11,74
454,12,82
454,13,87
454,14,89
455,1,19
455,2,43
455,3,47
455,4,54
455,5,55
455,6,62
455,7,65
455,8,65
455,9,72
455,10,75
455,11,82
455,12,83
455,13,92
455,14,95
456,1,8
456,2,11
456,3,17
456,4,28
456,5,30
456,6,36
456,7,37
456,8,51
456,9,60
456,10,67
456,11,72
456,12,72
456,13,83
456,14,97
457,1,4
457,2,19
457,3,29
457,4,29
457,5,32
457,6,52
457,7,54
457,8,55
457,9,64
457,10,67
457,11,74
457,12,79
457,13,86
457,14,100
458,1,15
458,2,19
458,3,24
458,4,27
458,5,31
458,6,39
458,7,45
458,8,60
458,9,65
458,10,66
458,11,68
458,12,73
458,13,74
458,14,89
459,1,3
459,2,4
459,3,22
459,4,23
459,5,30
459,6,32
459,7,37
459,8,43
459,9,48
459,10,52
459,11,70
459,12,71
459,13,87
459,14,90
460,1,3
460,2,6
460,3,8
460,4,9
460,5,34
460,6,39
460,7,39
460,8,42
460,9,47
460,10,51
460,11,55
460,12,74
460,13,85
460,14,98
461,1,10
461,2,16
461,3,18
461,4,22
461,5,28
461,6,30
461,7,31
461,8,32
461,9,49
461,10,74
461,11,79
461,12,85
461,13,95
461,14,97
462,1,5
462,2,15
462,3,37
462,4,44
462,5,49
462,6,51
462,7,55
462,8,61
462,9,61
462,10,63
462,11,65
462,12,66
462,13,86
462,14,98
463,1,3
463,2,4
463,3,17
463,4,22
463,5,25
463,6,47
463,7,52
463,8,53
463,9,58
463,10,62
463,11,68
463,12,74
463,13,94
463,14,95
464,1,13
464,2,14
464,3,19
464,4,22
464,5,27
464,6,28
464,7,31
464,8,37
464,9,50
464,10,61
464,11,80
464,12,81
464,13,94
464,14,97
465,1,3
465,2,5
465,3,21
465,4,35
465,5,36
465,6,37
465,7,37
465,8,39
465,9,47
465,10,55
465,11,73
465,12,78
465,13,78
465,14,99
466,1,1
466,2,3
466,3,3
466,4,11
466,5,13
466,6,17
466,7,21
466,8,23
466,9,31
466,10,35
466,11,45
466,12,56
466,13,58
466,14,95
467,1,22
467,2,23
467,3,25
467,4,26
467,5,36
467,6,39
467,7,59
467,8,62
467,9,68
467,10,68
467,11,81
467,12,87
467,13,89
467,14,99
468,1,3
468,2,18
468,3,19
468,4,22
468,5,26
468,6,27
468,7,28
468,8,31
468,9,47
468,10,49
468,11,69
468,12,71
468,13,73
468,14,98
469,1,26
469,2,29
469,3,39
469,4,39
469,5,54
469,6,73
469,7,77
469,8,80
469,9,82
469,10,83
469,11,86
469,12,87
469,13,87
469,14,97
470,1,20
470,2,26
470,3,29
470,4,29
470,5,30
470,6,39
470,7,44
470,8,45
470,9,50
470,10,73
470,11,78
470,12,79
470,13,85
470,14,86
471,1,23
471,2,27
471,3,28
471,4,30
471,5,40
471,6,50
471,7,57
471,8,60
471,9,66
471,10,71
471,11,73
471,12,78
471,13,84
471,14,96
472,1,13
472,2,14
472,3,38
472,4,41
472,5,41
472,6,44
472,7,47
472,8,49
472,9,52
472,10,52
472,11,62
472,12,79
472,13,81
472,14,83
473,1,3
473,2,11
473,3,31
473,4,43
473,5,48
473,6,50
473,7,51
473,8,52
473,9,54
473,10,61
473,11,84
473,12,86
473,13,90
473,14,93
474,1,1
474,2,4
474,3,17
474,4,17
474,5,20
474,6,20
474,7,35
474,8,35
474,9,49
474,10,51
474,11,54
474,12,60
474,13,77
474,14,93
475,1,2
475,2,8
475,3,11
475,4,12
475,5,17
475,6,21
475,7,22
475,8,24
475,9,40
475,10,47
475,11,68
475,12,70
475,13,76
475,14,78
476,1,1
476,2,21
476,3,30
476,4,35
476,5,43
476,6,44
476,7,45
476,8,59
476,9,62
476,10,63
476,11,84
476,12,85
476,13,85
476,14,93
477,1,10
477,2,12
477,3,20
477,4,21
477,5,29
477,6,31
477,7,33
477,8,34
477,9,38
477,10,66
477,11,66
477,12,72
477,13,89
477,14,92
478,1,13
478,2,14
478,3,15
478,4,26
478,5,37
478,6,42
478,7,53
478,8,56
478,9,61
478,10,61
478,11,63
478,12,79
478,13,96
478,14,99
479,1,1
479,2,9
479,3,16
479,4,21
479,5,22
479,6,25
479,7,29
479,8,34
479,9,37
479,10,56
479,11,57
479,12,70
479,13,77
479,14,86
480,1,4
480,2,15
480,3,19
480,4,26
480,5,58
480,6,59
480,7,68
480,8,68
480,9,80
480,10,89
480,11,93
480,12,94
480,13,95
480,14,98
481,1,2
481,2,5
481,3,8
481,4,10
481,5,26
481,6,34
481,7,37
481,8,39
481,9,69
481,10,71
481,11,75
481,12,83
481,13,87
481,14,94
482,1,7
482,2,11
482,3,13
482,4,16
482,5,25
482,6,25
482,7,26
482,8,32
482,9,36
482,10,42
482,11,43
482,12,47
482,13,91
482,14,96
483,1,1
483,2,8
483,3,11
483,4,16
483,5,16
483,6,34
483,7,45
483,8,61
483,9,62
483,10,66
483,11,76
483,12,86
483,13,95
483,14,97
484,1,7
484,2,12
484,3,17
484,4,19
484,5,22
484,6,33
484,7,49
484,8,71
484,9,81
484,10,90
484,11,92
484,12,93
484,13,96
484,14,99
485,1,9
485,2,20
485,3,22
485,4,29
485,5,36
485,6,42
485,7,42
485,8,45
485,9,52
485,10,66
485,11,77
485,12,77
485,13,78
485,14,84
486,1,1
486,2,6
486,3,10
486,4,11
486,5,11
486,6,28
486,7,57
486,8,58
486,9,65
486,10,72
486,11,81
486,12,90
486,13,94
486,14,97
487,1,12
487,2,22
487,3,42
487,4,45
487,5,55
487,6,70
487,7,71
487,8,74
487,9,78
487,10,89
487,11,93
487,12,93
487,13,97
487,14,98
488,1,2
488,2,28
488,3,30
488,4,32
488,5,33
488,6,42
488,7,49
488,8,54
488,9,68
488,10,79
488,11,80
488,12,83
488,13,89
488,14,98
489,1,2
489,2,13
489,3,19
489,4,36
489,5,44
489,6,44
489,7,51
489,8,56
489,9,76
489,10,81
489,11,92
489,12,95
489,13,97
489,14,99
490,1,8
490,2,10
490,3,10
490,4,15
490,5,26
490,6,36
490,7,48
490,8,52
490,9,58
490,10,63
490,11,66
490,12,69
490,13,72
490,14,96
491,1,1
491,2,11
491,3,14
491,4,20
491,5,21
491,6,35
491,7,36
491,8,47
491,9,51
491,10,52
491,11,80
491,12,85
491,13,88
491,14,99
492,1,14
492,2,19
492,3,22
492,4,30
492,5,30
492,6,45
492,7,48
492,8,50
492,9,57
492,10,65
492,11,71
492,12,75
492,13,75
492,14,98
493,1,1
493,2,5
493,3,10
493,4,13
493,5,18
493,6,36
493,7,41
493,8,46
493,9,53
493,10,75
493,11,94
493,12,96
493,13,98
493,14,100
494,1,9
494,2,24
494,3,33
494,4,34
494,5,38
494,6,39
494,7,42
494,8,46
494,9,47
494,10,47
494,11,49
494,12,51
494,13,70
494,14,71
495,1,9
495,2,10
495,3,12
495,4,23
495,5,31
495,6,41
495,7,56
495,8,70
495,9,78
495,10,81
495,11,83
495,12,88
495,13,96
495,14,100
496,1,1
496,2,6
496,3,9
496,4,9
496,5,15
496,6,31
496,7,46
496,8,69
496,9,72
496,10,78
496,11,85
496,12,86
496,13,87
496,14,89
497,1,5
497,2,6
497,3,11
497,4,13
497,5,15
497,6,17
497,7,24
497,8,29
497,9,33
497,10,42
497,11,50
497,12,53
497,13,75
497,14,76
498,1,3
498,2,3
498,3,11
498,4,21
498,5,31
498,6,33
498,7,46
498,8,73
498,9,83
498,10,90
498,11,90
498,12,92
498,13,93
498,14,96
499,1,1
499,2,4
499,3,7
499,4,36
499,5,44
499,6,54
499,7,55
499,8,58
499,9,67
499,10,72
499,11,81
499,12,83
499,13,92
499,14,94
500,1,4
500,2,9
500,3,17
500,4,17
500,5,39
500,6,40
500,7,41
500,8,65
500,9,71
500,10,87
500,11,88
500,12,93
500,13,93
500,14,98
501,1,2
501,2,5
501,3,16
501,4,22
501,5,22
501,6,23
501,7,35
501,8,42
501,9,53
501,10,53
501,11,71
501,12,86
501,13,87
501,14,97
502,1,2
502,2,15
502,3,23
502,4,26
502,5,27
502,6,46
502,7,48
502,8,50
502,9,63
502,10,63
502,11,72
502,12,75
502,13,79
502,14,85
503,1,1
503,2,2
503,3,9
503,4,16
503,5,17
503,6,27
503,7,33
503,8,36
503,9,38
503,10,56
503,11,75
503,12,81
503,13,81
503,14,95
504,1,1
504,2,3
504,3,18
504,4,42
504,5,46
504,6,50
504,7,54
504,8,58
504,9,67
504,10,73
504,11,74
504,12,82
504,13,91
504,14,100
505,1,2
505,2,5
505,3,7
505,4,14
505,5,24
505,6,25
505,7,25
505,8,31
505,9,39
505,10,48
505,11,76
505,12,81
505,13,97
505,14,100
506,1,3
506,2,8
506,3,11
506,4,12
506,5,16
506,6,21
506,7,30
506,8,37
506,9,64
506,10,74
506,11,84
506,12,89
506,13,91
506,14,96
507,1,5
507,2,7
507,3,12
507,4,13
507,5,17
507,6,23
507,7,27
507,8,28
507,9,39
507,10,49
507,11,59
507,12,70
507,13,82
507,14,91
508,1,15
508,2,16
508,3,20
508,4,35
508,5,44
508,6,57
508,7,70
508,8,73
508,9,81
508,10,89
508,11,89
508,12,92
508,13,95
508,14,98
509,1,7
509,2,26
509,3,28
509,4,32
509,5,32
509,6,43
509,7,57
509,8,68
509,9,68
509,10,69
509,11,81
509,12,95
509,13,98
509,14,98
510,1,1
510,2,6
510,3,23
510,4,40
510,5,40
510,6,43
510,7,52
510,8,58
510,9,72
510,10,76
510,11,82
510,12,85
510,13,88
510,14,99
511,1,5
511,2,6
511,3,11
511,4,20
511,5,24
511,6,31
511,7,56
511,8,61
511,9,65
511,10,74
511,11,75
511,12,77
511,13,98
511,14,98
512,1,2
512,2,8
512,3,13
512,4,24
512,5,25
512,6,29
512,7,43
512,8,52
512,9,56
512,10,60
512,11,62
512,12,63
512,13,75
512,14,77
513,1,2
513,2,22
513,3,24
513,4,26
513,5,32
513,6,39
513,7,51
513,8,59
513,9,61
513,10,62
513,11,64
513,12,72
513,13,76
513,14,89
514,1,3
514,2,16
514,3,16
514,4,19
514,5,20
514,6,21
514,7,24
514,8,27
514,9,51
514,10,56
514,11,76
514,12,85
514,13,86
514,14,100
515,1,28
515,2,29
515,3,33
515,4,34
515,5,35
515,6,35
515,7,43
515,8,45
515,9,52
515,10,67
515,11,72
515,12,83
515,13,97
515,14,98
516,1,3
516,2,4
516,3,23
516,4,30
516,5,39
516,6,53
516,7,59
516,8,60
516,9,73
516,10,75
516,11,77
516,12,90
516,13,93
516,14,94
517,1,3
517,2,5
517,3,8
517,4,14
517,5,25
517,6,39
517,7,51
517,8,62
517,9,66
517,10,67
517,11,75
517,12,87
517,13,87
517,14,98
518,1,7
518,2,14
518,3,25
518,4,27
518,5,31
518,6,33
518,7,44
518,8,47
518,9,60
518,10,61
518,11,61
518,12,72
518,13,82
518,14,100
519,1,7
519,2,16
519,3,22
519,4,23
519,5,25
519,6,50
519,7,55
519,8,58
519,9,64
519,10,73
519,11,78
519,12,90
519,13,92
519,14,93
520,1,1
520,2,5
520,3,9
520,4,22
520,5,27
520,6,36
520,7,37
520,8,38
520,9,56
520,10,57
520,11,65
520,12,71
520,13,89
520,14,90
521,1,3
521,2,7
521,3,13
521,4,18
521,5,18
521,6,25
521,7,36
521,8,48
521,9,58
521,10,65
521,11,66
521,12,76
521,13,78
521,14,83
522,1,9
522,2,20
522,3,33
522,4,44
522,5,45
522,6,68
522,7,69
522,8,69
522,9,71
522,10,75
522,11,85
522,12,89
522,13,89
522,14,92
523,1,1
523,2,7
523,3,11
523,4,12
523,5,20
523,6,22
523,7,54
523,8,56
523,9,58
523,10,61
523,11,79
523,12,91
523,13,92
523,14,99
524,1,2
524,2,10
524,3,14
524,4,17
524,5,20
524,6,24
524,7,28
524,8,38
524,9,57
524,10,61
524,11,62
524,12,92
524,13,93
524,14,93
525,1,1
525,2,23
525,3,24
525,4,27
525,5,28
525,6,32
525,7,40
525,8,42
525,9,52
525,10,54
525,11,64
525,12,67
525,13,79
525,14,98
526,1,7
526,2,10
526,3,14
526,4,16
526,5,23
526,6,36
526,7,38
526,8,42
526,9,54
526,10,54
526,11,60
526,12,71
526,13,78
526,14,94
527,1,5
527,2,8
527,3,17
527,4,28
527,5,33
527,6,40
527,7,42
527,8,53
527,9,56
527,10,67
527,11,72
527,12,77
527,13,90
527,14,91
528,1,18
528,2,18
528,3,24
528,4,27
528,5,28
528,6,28
528,7,32
528,8,40
528,9,58
528,10,62
528,11,65
528,12,83
528,13,83
528,14,86
529,1,1
529,2,4
529,3,5
529,4,18
529,5,41
529,6,46
529,7,46
529,8,48
529,9,53
529,10,62
529,11,76
529,12,83
529,13,85
529,14,88
530,1,2
530,2,29
530,3,45
530,4,49
530,5,51
530,6,53
530,7,58
530,8,65
530,9,68
530,10,77
530,11,88
530,12,91
530,13,92
530,14,93
531,1,10
531,2,19
531,3,24
531,4,34
531,5,37
531,6,43
531,7,55
531,8,61
531,9,63
531,10,68
531,11,74
531,12,81
531,13,93
531,14,95
532,1,7
532,2,11
532,3,27
532,4,29
532,5,35
532,6,55
532,7,57
532,8,70
532,9,75
532,10,75
532,11,78
532,12,87
532,13,89
532,14,98
533,1,1
533,2,8
533,3,11
533,4,15
533,5,16
533,6,18
533,7,21
533,8,44
533,9,52
533,10,56
533,11,69
533,12,70
533,13,83
533,14,92
534,1,13
534,2,21
534,3,31
534,4,35
534,5,39
534,6,45
534,7,63
534,8,71
534,9,74
534,10,75
534,11,81
534,12,93
534,13,95
534,14,95
535,1,10
535,2,12
535,3,21
535,4,30
535,5,39
535,6,44
535,7,52
535,8,59
535,9,67
535,10,70
535,11,79
535,12,88
535,13,88
535,14,98
536,1,8
536,2,8
536,3,11
536,4,26
536,5,32
536,6,45
536,7,64
536,8,67
536,9,70
536,10,75
536,11,75
536,12,83
536,13,91
536,14,99
537,1,5
537,2,12
537,3,16
537,4,17
537,5,33
537,6,47
537,7,49
537,8,56
537,9,64
537,10,70
537,11,74
537,12,86
537,13,96
537,14,97
538,1,12
538,2,15
538,3,41
538,4,43
538,5,48
538,6,56
538,7,56
538,8,64
538,9,72
538,10,73
538,11,73
538,12,88
538,13,89
538,14,90
539,1,3
539,2,5
539,3,7
539,4,8
539,5,18
539,6,26
539,7,31
539,8,37
539,9,42
539,10,55
539,11,61
539,12,62
539,13,84
539,14,87
540,1,5
540,2,10
540,3,28
540,4,42
540,5,47
540,6,59
540,7,61
540,8,71
540,9,76
540,10,77
540,11,85
540,12,94
540,13,98
540,14,100
541,1,13
541,2,13
541,3,35
541,4,39
541,5,42
541,6,46
541,7,46
541,8,49
541,9,57
541,10,58
541,11,78
541,12,84
541,13,96
541,14,100
542,1,17
542,2,26
542,3,28
542,4,30
542,5,31
542,6,34
542,7,59
542,8,68
542,9,70
542,10,79
542,11,82
542,12,85
542,13,92
542,14,96
543,1,1
543,2,4
543,3,9
543,4,20
543,5,23
543,6,25
543,7,41
543,8,56
543,9,66
543,10,67
543,11,73
543,12,74
543,13,80
543,14,84
544,1,8
544,2,15
544,3,33
544,4,40
544,5,43
544,6,47
544,7,59
544,8,59
544,9,60
544,10,64
544,11,87
544,12,90
544,13,95
544,14,98
545,1,3
545,2,4
545,3,6
545,4,14
545,5,17
545,6,21
545,7,31
545,8,40
545,9,61
545,10,71
545,11,77
545,12,79
545,13,90
545,14,99
546,1,8
546,2,11
546,3,15
546,4,39
546,5,46
546,6,53
546,7,59
546,8,63
546,9,65
546,10,66
546,11,83
546,12,88
546,13,93
546,14,96
547,1,2
547,2,4
547,3,23
547,4,25
547,5,30
547,6,41
547,7,43
547,8,44
547,9,49
547,10,57
547,11,60
547,12,73
547,13,73
547,14,79
548,1,2
548,2,4
548,3,17
548,4,31
548,5,41
548,6,47
548,7,48
548,8,50
548,9,55
548,10,58
548,11,62
548,12,75
548,13,88
548,14,92
549,1,1
549,2,1
549,3,1
549,4,1
549,5,11
549,6,13
549,7,27
549,8,46
549,9,64
549,10,78
549,11,81
549,12,82
549,13,93
549,14,93
550,1,5
550,2,28
550,3,37
550,4,56
550,5,60
550,6,62
550,7,64
550,8,65
550,9,67
550,10,79
550,11,81
550,12,84
550,13,84
550,14,87
551,1,4
551,2,10
551,3,15
551,4,21
551,5,22
551,6,23
551,7,52
551,8,56
551,9,59
551,10,63
551,11,70
551,12,87
551,13,88
551,14,91
552,1,6
552,2,7
552,3,28
552,4,45
552,5,47
552,6,50
552,7,54
552,8,56
552,9,65
552,10,79
552,11,83
552,12,87
552,13,95
552,14,95
553,1,7
553,2,10
553,3,12
553,4,28
553,5,43
553,6,44
553,7,55
553,8,70
553,9,76
553,10,80
553,11,85
553,12,87
553,13,91
553,14,95
554,1,16
554,2,21
554,3,25
554,4,32
554,5,42
554,6,58
554,7,59
554,8,59
554,9,61
554,10,66
554,11,67
554,12,72
554,13,86
554,14,97
555,1,1
555,2,8
555,3,9
555,4,13
555,5,36
555,6,41
555,7,56
555,8,59
555,9,62
555,10,67
555,11,73
555,12,75
555,13,82
555,14,94
556,1,11
556,2,24
556,3,28
556,4,31
556,5,35
556,6,56
556,7,57
556,8,65
556,9,70
556,10,73
556,11,74
556,12,76
556,13,77
556,14,97
557,1,1
557,2,10
557,3,12
557,4,12
557,5,15
557,6,17
557,7,24
557,8,29
557,9,34
557,10,42
557,11,53
557,12,75
557,13,91
557,14,94
558,1,1
558,2,6
558,3,6
558,4,8
558,5,10
558,6,23
558,7,23
558,8,30
558,9,46
558,10,57
558,11,59
558,12,65
558,13,72
558,14,83
559,1,3
559,2,14
559,3,18
559,4,34
559,5,58
559,6,71
559,7,73
559,8,75
559,9,75
559,10,77
559,11,78
559,12,89
559,13,93
559,14,98
560,1,14
560,2,20
560,3,27
560,4,49
560,5,60
560,6,63
560,7,69
560,8,73
560,9,74
560,10,74
560,11,77
560,12,95
560,13,97
560,14,100
561,1,1
561,2,2
561,3,19
561,4,30
561,5,33
561,6,44
561,7,46
561,8,54
561,9,55
561,10,67
561,11,70
561,12,79
561,13,85
561,14,99
562,1,5
562,2,6
562,3,10
562,4,20
562,5,21
562,6,28
562,7,41
562,8,42
562,9,47
562,10,57
562,11,59
562,12,72
562,13,76
562,14,96
563,1,5
563,2,8
563,3,11
563,4,17
563,5,30
563,6,46
563,7,53
563,8,57
563,9,63
563,10,71
563,11,80
563,12,80
563,13,85
563,14,97
564,1,5
564,2,6
564,3,13
564,4,37
564,5,41
564,6,46
564,7,46
564,8,70
564,9,71
564,10,75
564,11,75
564,12,75
564,13,77
564,14,95
565,1,2
565,2,10
565,3,17
565,4,20
565,5,31
565,6,40
565,7,41
565,8,50
565,9,50
565,10,51
565,11,57
565,12,65
565,13,83
565,14,89
566,1,11
566,2,32
566,3,43
566,4,46
566,5,48
566,6,53
566,7,55
566,8,58
566,9,62
566,10,66
566,11,68
566,12,74
566,13,79
566,14,95
567,1,12
567,2,32
567,3,33
567,4,47
567,5,50
567,6,53
567,7,55
567,8,63
567,9,79
567,10,81
567,11,90
567,12,92
567,13,99
567,14,100
568,1,9
568,2,16
568,3,28
568,4,37
568,5,38
568,6,42
568,7,61
568,8,62
568,9,62
568,10,69
568,11,77
568,12,78
568,13,81
568,14,96
569,1,1
569,2,6
569,3,15
569,4,22
569,5,53
569,6,54
569,7,62
569,8,66
569,9,75
569,10,82
569,11,84
569,12,88
569,13,93
569,14,97
570,1,12
570,2,17
570,3,31
570,4,52
570,5,54
570,6,59
570,7,62
570,8,64
570,9,77
570,10,80
570,11,88
570,12,94
570,13,97
570,14,100
571,1,3
571,2,8
571,3,15
571,4,19
571,5,19
571,6,22
571,7,25
571,8,38
571,9,47
571,10,57
571,11,58
571,12,71
571,13,77
571,14,85
572,1,21
572,2,22
572,3,24
572,4,35
572,5,36
572,6,38
572,7,45
572,8,64
572,9,69
572,10,77
572,11,84
572,12,86
572,13,87
572,14,95
573,1,7
573,2,11
573,3,33
573,4,43
573,5,54
573,6,61
573,7,61
573,8,61
573,9,62
573,10,67
573,11,83
573,12,87
573,13,96
573,14,100
574,1,4
574,2,8
574,3,27
574,4,33
574,5,33
574,6,48
574,7,49
574,8,56
574,9,72
574,10,73
574,11,76
574,12,92
574,13,99
574,14,100
575,1,5
575,2,6
575,3,11
575,4,12
575,5,12
575,6,28
575,7,38
575,8,48
575,9,51
575,10,51
575,11,58
575,12,68
575,13,72
575,14,85
576,1,2
576,2,26
576,3,29
576,4,32
576,5,38
576,6,38
576,7,43
576,8,47
576,9,47
576,10,50
576,11,75
576,12,81
576,13,90
576,14,92
577,1,7
577,2,12
577,3,15
577,4,23
577,5,34
577,6,40
577,7,42
577,8,51
577,9,57
577,10,61
577,11,68
577,12,90
577,13,100
577,14,100
578,1,3
578,2,12
578,3,12
578,4,24
578,5,26
578,6,34
578,7,39
578,8,52
578,9,54
578,10,62
578,11,83
578,12,89
578,13,93
578,14,100
579,1,6
579,2,6
579,3,11
579,4,39
579,5,44
579,6,45
579,7,50
579,8,54
579,9,87
579,10,90
579,11,91
579,12,95
579,13,100
579,14,100
580,1,1
580,2,4
580,3,22
580,4,32
580,5,39
580,6,42
580,7,44
580,8,53
580,9,55
580,10,65
580,11,82
580,12,87
580,13,90
580,14,95
581,1,1
581,2,6
581,3,13
581,4,14
581,5,29
581,6,41
581,7,45
581,8,67
581,9,72
581,10,74
581,11,81
581,12,91
581,13,95
581,14,97
582,1,5
582,2,15
582,3,19
582,4,21
582,5,21
582,6,25
582,7,36
582,8,55
582,9,57
582,10,58
582,11,75
582,12,75
582,13,82
582,14,85
583,1,1
583,2,10
583,3,16
583,4,19
583,5,22
583,6,25
583,7,31
583,8,35
583,9,51
583,10,51
583,11,52
583,12,59
583,13,71
583,14,78
584,1,12
584,2,17
584,3,23
584,4,39
584,5,40
584,6,48
584,7,57
584,8,72
584,9,72
584,10,74
584,11,80
584,12,82
584,13,85
584,14,85
585,1,6
585,2,8
585,3,24
585,4,27
585,5,27
585,6,28
585,7,31
585,8,34
585,9,37
585,10,73
585,11,83
585,12,90
585,13,98
585,14,99
586,1,12
586,2,12
586,3,21
586,4,21
586,5,32
586,6,37
586,7,52
586,8,59
586,9,67
586,10,72
586,11,72
586,12,76
586,13,85
586,14,93
587,1,4
587,2,8
587,3,24
587,4,25
587,5,31
587,6,33
587,7,35
587,8,38
587,9,53
587,10,73
587,11,76
587,12,85
587,13,87
587,14,88
588,1,1
588,2,8
588,3,25
588,4,28
588,5,31
588,6,46
588,7,57
588,8,62
588,9,78
588,10,82
588,11,89
588,12,90
588,13,94
588,14,97
589,1,13
589,2,14
589,3,16
589,4,20
589,5,28
589,6,45
589,7,48
589,8,55
589,9,58
589,10,64
589,11,65
589,12,73
589,13,75
589,14,90
590,1,5
590,2,11
590,3,18
590,4,30
590,5,34
590,6,35
590,7,39
590,8,46
590,9,47
590,10,58
590,11,64
590,12,67
590,13,78
590,14,87
591,1,13
591,2,20
591,3,21
591,4,22
591,5,24
591,6,27
591,7,27
591,8,44
591,9,67
591,10,71
591,11,72
591,12,75
591,13,93
591,14,99
592,1,1
592,2,12
592,3,20
592,4,21
592,5,24
592,6,41
592,7,56
592,8,74
592,9,77
592,10,81
592,11,82
592,12,85
592,13,97
592,14,98
593,1,26
593,2,28
593,3,31
593,4,39
593,5,40
593,6,48
593,7,52
593,8,55
593,9,59
593,10,75
593,11,81
593,12,88
593,13,89
593,14,91
594,1,2
594,2,2
594,3,7
594,4,13
594,5,20
594,6,22
594,7,26
594,8,37
594,9,38
594,10,57
594,11,69
594,12,73
594,13,77
594,14,90
595,1,11
595,2,14
595,3,28
595,4,35
595,5,37
595,6,42
595,7,51
595,8,52
595,9,53
595,10,57
595,11,66
595,12,76
595,13,80
595,14,97
596,1,1
596,2,17
596,3,27
596,4,29
596,5,41
596,6,43
596,7,47
596,8,53
596,9,57
596,10,63
596,11,64
596,12,70
596,13,89
596,14,96
597,1,9
597,2,15
597,3,16
597,4,23
597,5,31
597,6,40
597,7,59
597,8,68
597,9,73
597,10,74
597,11,76
597,12,85
597,13,100
597,14,100
598,1,2
598,2,5
598,3,8
598,4,24
598,5,36
598,6,54
598,7,67
598,8,70
598,9,71
598,10,72
598,11,72
598,12,78
598,13,86
598,14,89
599,1,4
599,2,22
599,3,38
599,4,59
599,5,59
599,6,59
599,7,62
599,8,62
599,9,63
599,10,63
599,11,81
599,12,89
599,13,97
599,14,99
600,1,16
600,2,21
600,3,26
600,4,30
600,5,39
600,6,39
600,7,42
600,8,58
600,9,72
600,10,72
600,11,79
600,12,81
600,13,83
600,14,90
